Datetime,Temperature,Humidity
2021-09-27 19:39:48,20.36,58.47
2021-09-27 19:39:50,18.87,52.66
2021-09-27 19:39:52,16.54,50.81
2021-09-27 19:39:54,15.23,45.11
2021-09-27 19:39:56,14.43,39.47
2021-09-27 19:39:58,13.06,36.00
2021-09-27 19:40:00,13.11,33.49
2021-09-27 19:40:02,12.47,30.49
2021-09-27 19:40:04,11.11,31.03
2021-09-27 19:40:06,9.37,30.43
2021-09-27 19:40:08,9.27,28.65
2021-09-27 19:40:10,7.29,24.87
2021-09-27 19:40:12,6.32,19.42
2021-09-27 19:40:14,5.09,17.58
2021-09-27 19:40:16,4.46,17.11
2021-09-27 19:40:18,4.05,14.18
2021-09-27 20:29:09,21.49,61.99
2021-09-27 20:29:10,19.40,57.47
2021-09-27 20:29:15,20.23,60.95
2021-09-27 20:29:16,18.71,57.44
2021-09-27 20:29:17,18.03,50.99
2021-09-27 20:29:18,16.60,44.61
2021-09-27 20:29:19,15.62,38.88
2021-09-27 20:29:20,14.52,40.31
2021-09-27 20:29:21,14.01,41.73
2021-09-27 20:29:22,13.47,38.72
2021-09-27 20:29:23,12.94,35.09
2021-09-27 20:29:24,12.35,30.14
2021-09-27 20:29:25,11.00,27.79
2021-09-27 20:29:26,8.74,25.67
2021-09-27 20:29:27,7.53,21.92
2021-09-27 20:29:28,6.94,20.02
2021-09-27 20:29:29,6.20,22.42
2021-09-27 20:29:30,6.34,19.91
2021-09-27 20:29:31,6.22,21.37
2021-09-27 20:29:32,6.16,20.65
2021-09-27 20:29:33,5.67,21.00
2021-09-27 20:29:34,5.11,17.75
2021-09-27 20:29:35,4.91,15.09
2021-09-27 20:29:36,4.93,18.12
2021-09-27 20:29:37,4.87,18.59
2021-09-27 20:29:38,3.91,18.79
2021-09-27 20:29:39,3.31,18.25
2021-09-27 20:29:40,3.30,17.69
2021-09-27 20:29:41,3.46,14.90
2021-09-27 20:29:42,3.48,13.15
2021-09-27 20:29:43,3.36,14.36
2021-09-27 20:29:44,3.14,12.46
2021-09-27 20:29:45,2.60,8.60
2021-09-27 20:29:46,1.58,5.87
2021-09-27 20:29:47,1.91,3.59
2021-09-27 20:29:48,1.06,5.48
2021-09-27 20:29:49,0.61,8.11
2021-09-27 20:29:50,0.47,8.55
2021-09-27 20:29:51,0.14,7.41
2021-09-27 20:29:52,-0.26,6.29
2021-09-27 20:29:53,0.77,6.91
2021-09-27 20:29:54,0.80,5.34
2021-09-27 20:29:55,0.00,7.16
2021-09-27 20:29:56,1.06,7.69
2021-09-27 20:29:57,1.08,8.53
2021-09-27 20:29:58,2.10,8.11
2021-09-27 20:29:59,2.07,4.77
2021-09-27 20:30:00,1.96,4.29
2021-09-27 20:30:01,1.36,3.06
2021-09-27 20:30:02,0.64,1.61
2021-09-27 20:30:03,1.13,1.36
2021-09-27 20:30:04,0.98,0.07
2021-09-27 20:30:05,1.43,-1.92
2021-09-27 20:30:06,1.27,-1.45
2021-09-27 20:30:07,0.51,1.42
2021-09-27 20:30:08,0.58,1.04
2021-09-27 20:30:09,0.40,-1.19
2021-09-27 20:30:10,0.13,-0.31
2021-09-27 20:30:11,0.30,0.13
2021-09-27 20:30:12,-0.25,-0.23
2021-09-27 20:30:13,-0.18,3.23
2021-09-27 20:30:14,0.73,2.38
2021-09-27 20:30:15,1.31,3.57
2021-09-27 20:30:16,1.70,0.61
2021-09-27 20:30:17,1.51,-1.51
2021-09-27 20:30:18,0.71,-1.07
2021-09-27 20:30:19,0.01,-0.17
2021-09-27 20:30:20,-0.19,1.86
2021-09-27 20:30:21,-0.14,1.66
2021-09-27 20:30:22,0.74,2.14
2021-09-27 20:30:23,0.62,4.31
2021-09-27 20:30:24,1.05,4.48
2021-09-27 20:30:25,1.03,3.64
2021-09-27 20:30:26,1.64,4.89
2021-09-27 20:30:27,1.83,0.29
2021-09-27 20:30:28,0.97,3.34
2021-09-27 20:30:29,1.38,3.08
2021-09-27 20:30:30,2.07,0.64
2021-09-27 20:30:31,1.98,-1.86
2021-09-27 20:30:32,1.77,-4.48
2021-09-27 20:30:33,1.51,-6.66
2021-09-27 20:30:35,1.70,-8.64
2021-09-27 20:30:36,1.75,-6.55
2021-09-27 20:30:37,1.22,-5.62
2021-09-27 20:30:38,0.28,-4.99
2021-09-27 20:30:39,-0.32,-5.54
2021-09-27 20:30:40,-0.17,-4.34
2021-09-27 20:30:41,-0.08,-3.27
2021-09-27 20:30:42,0.40,0.31
2021-09-27 20:30:43,-0.14,0.80
2021-09-27 20:30:44,-0.45,2.62
2021-09-27 20:30:45,-0.33,2.27
2021-09-27 20:30:46,0.06,6.91
2021-09-27 20:30:47,0.63,5.04
2021-09-27 20:30:48,0.54,3.31
2021-09-27 20:30:49,0.58,2.08
2021-09-27 20:30:50,0.78,2.30
2021-09-27 20:30:51,0.40,2.62
2021-09-27 20:30:52,-0.53,7.00
2021-09-27 20:30:53,0.44,11.18
2021-09-27 20:30:54,1.15,10.36
2021-09-27 20:30:55,0.45,8.73
2021-09-27 20:30:56,0.54,5.16
2021-09-27 20:30:57,0.29,3.18
2021-09-27 20:30:58,-0.76,0.55
2021-09-27 20:30:59,-0.80,-3.36
2021-09-27 20:31:00,-0.53,-1.61
2021-09-27 20:31:01,0.07,-3.32
2021-09-27 20:31:02,-0.34,-2.26
2021-09-27 20:31:03,-1.45,-5.25
2021-09-27 20:31:04,-0.83,-5.30
2021-09-27 20:31:05,-2.00,-2.38
2021-09-27 20:31:06,-1.76,0.68
2021-09-27 20:31:07,-1.83,2.51
2021-09-27 20:31:08,-3.39,3.29
2021-09-27 20:31:09,-2.96,-1.50
2021-09-27 20:31:10,-1.88,1.07
2021-09-27 20:31:11,-1.80,2.04
2021-09-27 20:31:12,-2.29,-0.95
2021-09-27 20:31:13,-2.61,-0.13
2021-09-27 20:31:14,-2.87,1.66
2021-09-27 20:31:15,-2.60,5.74
2021-09-27 20:31:16,-2.08,4.04
2021-09-27 20:31:17,-2.10,3.49
2021-09-27 20:31:18,-2.31,6.36
2021-09-27 20:31:19,-1.28,1.88
2021-09-27 20:31:20,-0.99,2.96
2021-09-27 20:31:21,-1.21,2.18
2021-09-27 20:31:22,-1.88,0.06
2021-09-27 20:31:23,-1.63,-0.07
2021-09-27 20:31:24,-2.01,1.35
2021-09-27 20:31:25,-1.29,1.04
2021-09-27 20:31:26,-1.82,-2.20
2021-09-27 20:31:27,-1.94,-1.08
2021-09-27 20:31:28,-0.55,1.62
2021-09-27 20:31:29,-0.91,-0.39
2021-09-27 20:31:30,-1.63,1.86
2021-09-27 20:31:31,-1.11,5.85
2021-09-27 20:31:32,-1.47,8.18
2021-09-27 20:31:33,-1.50,8.69
2021-09-27 20:31:34,-1.82,8.61
2021-09-27 20:31:35,-1.04,5.21
2021-09-27 20:31:36,-0.86,3.87
2021-09-27 20:31:37,-0.40,3.72
2021-09-27 20:31:38,-0.12,2.23
2021-09-27 20:31:39,-1.03,-0.01
2021-09-27 20:31:40,-1.62,-1.94
2021-09-27 20:31:41,-2.20,-4.24
2021-09-27 20:31:42,-1.56,-1.39
2021-09-27 20:31:43,-1.29,-1.41
2021-09-27 20:31:44,-0.09,-2.87
2021-09-27 20:31:45,-0.32,-2.11
2021-09-27 20:31:46,-0.16,-0.02
2021-09-27 20:31:47,-0.71,-0.09
2021-09-27 20:31:48,-0.62,-1.88
2021-09-27 20:31:49,-0.54,0.35
2021-09-27 20:31:50,-1.89,-1.57
2021-09-27 20:31:51,-2.50,-1.31
2021-09-27 20:31:52,-1.39,-2.89
2021-09-27 20:31:53,-1.82,-2.72
2021-09-27 20:31:54,-1.39,-1.51
2021-09-27 20:31:55,-1.46,1.56
2021-09-27 20:31:56,-0.83,0.94
2021-09-27 20:31:57,-0.33,1.80
2021-09-27 20:31:58,-1.30,2.61
2021-09-27 20:31:59,-1.42,5.20
2021-09-27 20:32:00,-1.44,2.57
2021-09-27 20:32:01,-0.84,0.34
2021-09-27 20:32:02,-0.36,4.99
2021-09-27 20:32:03,0.59,5.06
2021-09-27 20:32:04,0.92,4.78
2021-09-27 20:32:05,0.46,6.48
2021-09-27 20:32:06,-0.41,9.80
2021-09-27 20:32:07,-0.62,10.25
2021-09-27 20:32:08,-0.45,9.91
2021-09-27 20:32:09,-0.83,5.39
2021-09-27 20:32:10,-0.42,4.29
2021-09-27 20:32:11,-0.19,2.01
2021-09-27 20:32:12,-1.28,0.06
2021-09-27 20:32:13,-1.27,-0.12
2021-09-27 20:32:15,21.34,65.00
2021-09-27 20:32:16,21.68,64.12
2021-09-27 20:32:17,21.67,65.06
2021-09-27 20:32:18,22.43,64.96
2021-09-27 20:32:19,22.51,64.39
2021-09-27 20:32:20,22.01,66.51
2021-09-27 20:32:21,22.02,67.26
2021-09-27 20:32:22,21.69,65.66
2021-09-27 20:32:23,22.01,67.33
2021-09-27 20:32:24,22.05,69.06
2021-09-27 20:32:25,21.70,69.02
2021-09-27 20:32:26,21.37,69.09
2021-09-27 20:32:27,21.46,73.87
2021-09-27 20:32:28,21.45,70.79
2021-09-27 20:32:29,22.28,69.96
2021-09-27 20:32:30,23.15,69.26
2021-09-27 20:32:31,23.15,68.80
2021-09-27 20:32:32,23.50,71.93
2021-09-27 20:32:33,22.75,69.42
2021-09-27 20:32:34,22.10,70.51
2021-09-27 20:32:35,22.38,69.74
2021-09-27 20:32:36,22.96,70.40
2021-09-27 20:32:37,22.87,70.24
2021-09-27 20:32:38,22.76,69.67
2021-09-27 20:32:39,22.65,71.76
2021-09-27 20:32:40,23.60,69.77
2021-09-27 20:32:41,23.23,68.29
2021-09-27 20:32:42,23.16,68.51
2021-09-27 20:32:43,23.41,70.71
2021-09-27 20:32:44,23.76,68.37
2021-09-27 20:32:46,23.69,66.42
2021-09-27 20:32:47,24.31,68.66
2021-09-27 20:32:48,23.58,68.45
2021-09-27 20:32:49,23.71,70.83
2021-09-27 20:32:50,23.35,69.61
2021-09-27 20:32:51,22.80,71.71
2021-09-27 20:32:52,22.38,71.80
2021-09-27 20:32:53,21.78,73.08
2021-09-27 20:32:54,21.19,73.10
2021-09-27 20:32:55,21.82,72.13
2021-09-27 20:32:56,21.67,73.04
2021-09-27 20:32:57,21.35,69.66
2021-09-27 20:32:58,21.15,69.06
2021-09-27 20:32:59,21.45,66.24
2021-09-27 20:33:00,20.74,66.25
2021-09-27 20:33:01,21.35,67.17
2021-09-27 20:33:02,21.82,67.33
2021-09-27 20:33:03,22.31,65.44
2021-09-27 20:33:04,22.94,64.86
2021-09-27 20:33:05,23.06,62.02
2021-09-27 20:33:06,22.98,64.46
2021-09-27 20:33:07,22.79,63.20
2021-09-27 20:33:08,23.01,64.95
2021-09-27 20:33:09,22.73,64.18
2021-09-27 20:33:10,22.63,61.62
2021-09-27 20:33:11,22.25,61.40
2021-09-27 20:33:12,22.72,62.60
2021-09-27 20:33:13,22.99,64.55
2021-09-27 20:33:14,22.43,66.35
2021-09-27 20:33:15,21.75,68.93
2021-09-27 20:33:16,21.62,72.13
2021-09-27 20:33:17,21.89,71.00
2021-09-27 20:33:18,23.05,71.37
2021-09-27 20:33:19,23.55,71.38
2021-09-27 20:33:20,23.50,69.25
2021-09-27 20:33:21,23.66,67.44
2021-09-27 20:33:22,23.85,65.52
2021-09-27 20:33:23,24.04,64.23
2021-09-27 20:33:24,23.99,64.51
2021-09-27 20:33:25,23.59,68.08
2021-09-27 20:33:26,23.29,68.97
2021-09-27 20:33:27,23.10,67.44
2021-09-27 20:33:28,22.71,69.12
2021-09-27 20:33:29,22.00,69.15
2021-09-27 20:33:30,21.01,66.39
2021-09-27 20:33:31,20.15,65.41
2021-09-27 20:33:32,20.53,66.33
2021-09-27 20:33:33,20.27,66.85
2021-09-27 20:33:34,19.51,67.10
2021-09-27 20:33:35,19.73,65.32
2021-09-27 20:33:36,20.50,66.05
2021-09-27 20:33:37,20.49,65.29
2021-09-27 20:33:38,20.14,67.40
2021-09-27 20:33:39,20.84,66.30
2021-09-27 20:33:40,21.24,67.11
2021-09-27 20:33:41,21.51,66.96
2021-09-27 20:33:42,20.67,65.62
2021-09-27 20:33:43,20.74,69.45
2021-09-27 20:33:44,20.92,69.57
2021-09-27 20:33:45,20.80,67.76
2021-09-27 20:33:46,21.57,66.90
2021-09-27 20:33:47,22.33,69.93
2021-09-27 20:33:48,22.25,68.11
2021-09-27 20:33:49,22.72,70.76
2021-09-27 20:33:50,22.03,69.91
2021-09-27 20:33:51,22.21,68.18
2021-09-27 20:33:52,22.32,69.34
2021-09-27 20:33:53,22.54,66.68
2021-09-27 20:33:54,22.69,64.85
2021-09-27 20:33:55,22.79,68.00
2021-09-27 20:33:56,21.96,68.05
2021-09-27 20:33:57,21.87,69.32
2021-09-27 20:33:58,22.13,67.59
2021-09-27 20:33:59,22.90,68.05
2021-09-27 20:34:00,22.83,66.20
2021-09-27 20:34:01,23.02,69.12
2021-09-27 20:34:02,23.01,66.32
2021-09-27 20:34:03,23.34,65.93
2021-09-27 20:34:04,23.06,71.28
2021-09-27 20:34:05,22.94,76.58
2021-09-27 20:34:06,22.27,73.95
2021-09-27 20:34:07,21.72,74.19
2021-09-27 20:34:08,22.04,74.40
2021-09-27 20:34:09,21.75,76.18
2021-09-27 20:34:10,21.58,76.30
2021-09-27 20:34:12,21.88,75.63
2021-09-27 20:34:13,21.90,77.80
2021-09-27 20:34:14,22.18,79.59
2021-09-27 20:34:15,22.10,77.00
2021-09-27 20:34:16,21.99,76.76
2021-09-27 20:34:17,23.22,78.31
2021-09-27 20:34:18,23.53,78.01
2021-09-27 20:34:19,23.61,77.84
2021-09-27 20:34:20,23.53,78.21
2021-09-27 20:34:21,23.45,75.91
2021-09-27 20:34:22,23.49,74.89
2021-09-27 20:34:23,23.08,73.88
2021-09-27 20:34:24,23.81,72.75
2021-09-27 20:34:25,23.44,72.85
2021-09-27 20:34:26,22.59,73.97
2021-09-27 20:34:27,21.48,72.49
2021-09-27 20:34:28,21.91,69.42
2021-09-27 20:34:29,21.68,67.73
2021-09-27 20:34:30,21.67,67.93
2021-09-27 20:34:31,22.23,67.28
2021-09-27 20:34:32,21.78,64.46
2021-09-27 20:34:33,21.96,64.39
2021-09-27 20:34:34,21.71,64.50
2021-09-27 20:34:35,22.33,66.91
2021-09-27 20:34:36,22.81,64.37
2021-09-27 20:34:37,22.32,62.00
2021-09-27 20:34:38,22.68,61.21
2021-09-27 20:34:39,22.10,58.75
2021-09-27 20:34:40,22.17,59.96
2021-09-27 20:34:41,22.64,59.32
2021-09-27 20:34:42,22.83,58.07
2021-09-27 20:34:43,22.61,51.75
2021-09-27 20:34:44,22.51,52.69
2021-09-27 20:34:45,22.25,50.93
2021-09-27 20:34:46,22.06,48.99
2021-09-27 20:34:47,21.47,51.49
2021-09-27 20:34:48,21.09,54.01
2021-09-27 20:34:49,21.37,55.77
2021-09-27 20:34:50,21.59,55.75
2021-09-27 20:34:51,21.72,59.74
2021-09-27 20:34:52,21.45,61.83
2021-09-27 20:34:53,21.87,62.09
2021-09-27 20:34:54,22.04,57.33
2021-09-27 20:34:55,22.14,57.56
2021-09-27 20:34:56,22.43,58.95
2021-09-27 20:34:57,22.03,59.37
2021-09-27 20:34:58,22.04,57.35
2021-09-27 20:34:59,22.27,60.73
2021-09-27 20:35:00,22.64,63.42
2021-09-27 20:35:01,23.07,62.10
2021-09-27 20:35:02,24.14,62.41
2021-09-27 20:35:03,24.85,59.45
2021-09-27 20:35:04,23.97,61.93
2021-09-27 20:35:05,24.21,61.08
2021-09-27 20:35:06,23.66,60.51
2021-09-27 20:35:07,23.80,59.89
2021-09-27 20:35:08,23.88,61.55
2021-09-27 20:35:09,24.30,61.30
2021-09-27 20:35:10,24.69,60.44
2021-09-27 20:35:11,23.97,58.87
2021-09-27 20:35:12,24.62,61.84
2021-09-27 20:35:13,24.51,65.34
2021-09-27 20:35:14,23.79,63.99
2021-09-27 20:35:15,23.53,61.67
2021-09-27 20:35:16,22.07,61.18
2021-09-27 20:35:17,23.35,63.62
2021-09-27 20:35:18,22.47,64.59
2021-09-27 20:35:19,22.40,63.27
2021-09-27 20:35:20,22.29,65.15
2021-09-27 20:35:21,21.58,66.04
2021-09-27 20:35:22,22.33,65.03
2021-09-27 20:35:23,22.19,64.18
2021-09-27 20:35:24,21.73,66.91
2021-09-27 20:35:25,21.74,65.45
2021-09-27 20:35:26,22.65,65.06
2021-09-27 20:35:27,23.13,65.61
2021-09-27 20:35:28,23.05,63.85
2021-09-27 20:35:29,23.00,66.43
2021-09-27 20:35:30,22.67,68.18
2021-09-27 20:35:31,23.27,68.35
2021-09-27 20:35:32,23.49,68.54
2021-09-27 20:35:33,23.39,65.02
2021-09-27 20:35:34,23.57,65.09
2021-09-27 20:35:35,23.80,64.53
2021-09-27 20:35:36,23.38,65.10
2021-09-27 20:35:37,22.75,61.48
2021-09-27 20:35:38,22.38,59.61
2021-09-27 20:35:39,22.72,55.92
2021-09-27 20:35:40,22.39,54.62
2021-09-27 20:35:41,21.86,54.93
2021-09-27 20:35:42,21.62,57.99
2021-09-27 20:35:43,22.19,58.15
2021-09-27 20:35:44,22.76,57.27
2021-09-27 20:35:45,22.84,59.17
2021-09-27 20:35:46,22.87,60.76
2021-09-27 20:35:47,22.44,58.16
2021-09-27 20:35:48,22.60,59.36
2021-09-27 20:35:50,22.63,57.71
2021-09-27 20:35:51,21.31,57.91
2021-09-27 20:35:52,21.11,53.37
2021-09-27 20:35:53,21.62,54.48
2021-09-27 20:35:54,21.48,53.08
2021-09-27 20:35:55,21.12,55.18
2021-09-27 20:35:56,21.43,53.65
2021-09-27 20:35:57,21.79,55.34
2021-09-27 20:35:58,22.10,58.48
2021-09-27 20:35:59,22.58,55.40
2021-09-27 20:36:00,22.82,57.24
2021-09-27 20:36:01,22.48,55.73
2021-09-27 20:36:02,22.42,55.19
2021-09-27 20:36:03,22.86,54.62
2021-09-27 20:36:04,23.06,54.91
2021-09-27 20:36:05,24.66,57.61
2021-09-27 20:36:06,24.72,58.85
2021-09-27 20:36:07,24.28,59.27
2021-09-27 20:36:08,24.01,57.84
2021-09-27 20:36:09,23.72,58.75
2021-09-27 20:36:10,23.38,60.08
2021-09-27 20:36:11,23.03,57.68
2021-09-27 20:36:12,22.39,61.42
2021-09-27 20:36:13,22.52,59.26
2021-09-27 20:36:14,22.77,59.13
2021-09-27 20:36:15,22.08,60.46
2021-09-27 20:36:16,21.50,60.18
2021-09-27 20:36:17,21.21,62.36
2021-09-27 20:36:18,21.72,65.85
2021-09-27 20:36:19,20.58,63.44
2021-09-27 20:36:20,21.01,68.25
2021-09-27 20:36:21,20.73,67.34
2021-09-27 20:36:22,20.83,65.39
2021-09-27 20:36:23,22.15,60.55
2021-09-27 20:36:24,21.69,61.34
2021-09-27 20:36:25,21.72,63.02
2021-09-27 20:36:26,22.36,63.69
2021-09-27 20:36:27,21.81,66.26
2021-09-27 20:36:28,21.52,65.52
2021-09-27 20:36:29,22.05,66.18
2021-09-27 20:36:30,21.59,65.39
2021-09-27 20:36:31,21.44,66.60
2021-09-27 20:36:32,20.63,65.55
2021-09-27 20:36:33,21.11,68.35
2021-09-27 20:36:34,20.90,66.73
2021-09-27 20:36:35,21.16,66.26
2021-09-27 20:36:36,21.55,65.89
2021-09-27 20:36:37,21.54,68.87
2021-09-27 20:36:38,21.79,66.97
2021-09-27 20:36:39,21.82,64.63
2021-09-27 20:36:40,20.81,62.88
2021-09-27 20:36:41,20.52,65.35
2021-09-27 20:36:42,19.53,67.89
2021-09-27 20:36:43,19.93,68.69
2021-09-27 20:36:44,20.55,69.83
2021-09-27 20:36:45,21.31,73.20
2021-09-27 20:36:46,21.27,72.35
2021-09-27 20:36:47,20.98,72.55
2021-09-27 20:36:48,21.51,74.69
2021-09-27 20:36:49,22.45,74.71
2021-09-27 20:36:50,22.31,69.42
2021-09-27 20:36:51,22.67,72.38
2021-09-27 20:36:52,22.64,72.21
2021-09-27 20:36:53,21.99,73.05
2021-09-27 20:36:54,21.44,73.00
2021-09-27 20:36:55,21.99,75.30
2021-09-27 20:36:56,21.35,73.53
2021-09-27 20:36:57,21.46,72.40
2021-09-27 20:36:58,21.53,71.16
2021-09-27 20:36:59,20.97,73.06
2021-09-27 20:37:00,20.77,72.70
2021-09-27 20:37:01,20.39,70.21
2021-09-27 20:37:02,20.06,72.87
2021-09-27 20:37:03,20.37,73.71
2021-09-27 20:37:04,20.95,72.90
2021-09-27 20:37:05,21.75,70.51
2021-09-27 20:37:06,21.74,72.54
2021-09-27 20:37:07,20.72,71.47
2021-09-27 20:37:08,19.89,68.79
2021-09-27 20:37:09,20.26,65.65
2021-09-27 20:37:10,20.56,63.85
2021-09-27 20:37:11,21.15,62.51
2021-09-27 20:37:12,21.34,64.86
2021-09-27 20:37:13,21.30,63.50
2021-09-27 20:37:14,20.89,65.96
2021-09-27 20:37:15,21.19,65.83
2021-09-27 20:37:16,22.42,68.37
2021-09-27 20:37:17,22.75,67.04
2021-09-27 20:37:18,22.52,65.84
2021-09-27 20:37:19,22.24,68.52
2021-09-27 20:37:20,21.68,68.70
2021-09-27 20:37:21,21.75,69.04
2021-09-27 20:37:22,20.50,66.32
2021-09-27 20:37:23,21.25,65.61
2021-09-27 20:37:24,20.71,64.83
2021-09-27 20:37:25,20.92,64.15
2021-09-27 20:37:26,21.09,64.83
2021-09-27 20:37:27,21.11,64.11
2021-09-27 20:37:28,21.71,59.40
2021-09-27 20:37:29,21.69,59.68
2021-09-27 20:37:30,21.60,59.68
2021-09-27 20:37:31,21.68,64.84
2021-09-27 20:37:33,21.63,63.34
2021-09-27 20:37:34,21.90,64.67
2021-09-27 20:37:35,21.66,64.88
2021-09-27 20:37:36,22.19,64.79
2021-09-27 20:37:37,22.14,62.55
2021-09-27 20:37:38,22.82,58.73
2021-09-27 20:37:39,22.30,62.84
2021-09-27 20:37:40,22.58,62.14
2021-09-27 20:37:41,23.15,64.42
2021-09-27 20:37:42,22.98,62.50
2021-09-27 20:37:43,22.44,64.37
2021-09-27 20:37:44,22.82,63.50
2021-09-27 20:37:45,22.03,62.07
2021-09-27 20:37:46,21.77,60.37
2021-09-27 20:37:47,21.59,58.30
2021-09-27 20:37:48,21.11,58.72
2021-09-27 20:37:49,20.47,57.48
2021-09-27 20:37:50,20.70,55.74
2021-09-27 20:37:51,20.05,55.48
2021-09-27 20:37:52,20.70,56.17
2021-09-27 20:37:53,20.79,56.71
2021-09-27 20:37:54,20.78,60.62
2021-09-27 20:37:55,21.22,60.63
2021-09-27 20:37:56,22.15,64.55
2021-09-27 20:37:57,22.17,63.70
2021-09-27 20:37:58,22.65,67.21
2021-09-27 20:37:59,22.58,69.70
2021-09-27 20:38:00,22.03,69.50
2021-09-27 20:38:01,21.30,70.15
2021-09-27 20:38:02,21.42,70.66
2021-09-27 20:38:03,21.08,71.13
2021-09-27 20:38:04,21.78,69.80
2021-09-27 20:38:05,21.90,69.49
2021-09-27 20:38:06,22.13,70.71
2021-09-27 20:38:07,22.53,67.90
2021-09-27 20:38:08,22.66,69.77
2021-09-27 20:38:09,22.55,68.43
2021-09-27 20:38:10,22.50,68.82
2021-09-27 20:38:11,22.59,70.83
2021-09-27 20:38:12,21.63,72.78
2021-09-27 20:38:13,22.10,77.17
2021-09-27 20:38:14,21.33,76.45
2021-09-27 20:38:15,21.25,73.53
2021-09-27 20:38:16,22.07,72.75
2021-09-27 20:38:17,21.53,74.86
2021-09-27 20:38:18,21.85,72.05
2021-09-27 20:38:19,21.15,70.02
2021-09-27 20:38:20,20.78,67.01
2021-09-27 20:38:21,20.70,70.82
2021-09-27 20:38:22,20.83,71.22
2021-09-27 20:38:23,21.42,72.64
2021-09-27 20:38:24,21.61,73.56
2021-09-27 20:38:25,21.61,75.61
2021-09-27 20:38:26,21.12,72.81
2021-09-27 20:38:27,20.21,73.21
2021-09-27 20:38:28,19.93,75.71
2021-09-27 20:38:29,19.70,78.77
2021-09-27 20:38:30,20.41,74.29
2021-09-27 20:38:31,20.68,75.23
2021-09-27 20:38:32,20.65,75.51
2021-09-27 20:38:33,20.71,70.64
2021-09-27 20:38:34,20.45,71.99
2021-09-27 20:38:35,20.29,73.91
2021-09-27 20:38:36,19.96,72.15
2021-09-27 20:38:37,19.58,74.85
2021-09-27 20:38:38,19.66,77.15
2021-09-27 20:38:39,19.24,78.37
2021-09-27 20:38:40,20.36,78.73
2021-09-27 20:38:41,20.76,81.77
2021-09-27 20:38:42,20.84,79.04
2021-09-27 20:38:43,20.72,78.62
2021-09-27 20:38:44,20.61,76.29
2021-09-27 20:38:45,21.13,77.03
2021-09-27 20:38:46,21.34,79.86
2021-09-27 20:38:47,20.98,77.79
2021-09-27 20:38:48,20.75,76.77
2021-09-27 20:38:49,20.49,76.71
2021-09-27 20:38:50,20.21,79.75
2021-09-27 20:38:51,20.32,76.86
2021-09-27 20:38:52,20.55,77.25
2021-09-27 20:38:53,20.52,76.80
2021-09-27 20:38:54,20.53,77.27
2021-09-27 20:38:55,20.46,75.09
2021-09-27 20:38:56,20.23,73.34
2021-09-27 20:38:57,19.89,75.43
2021-09-27 20:38:58,20.48,75.41
2021-09-27 20:38:59,21.35,74.14
2021-09-27 20:39:00,21.09,72.68
2021-09-27 20:39:01,21.42,72.01
2021-09-27 20:39:02,21.69,71.61
2021-09-27 20:39:03,20.86,70.61
2021-09-27 20:39:04,20.79,71.04
2021-09-27 20:39:05,20.53,72.15
2021-09-27 20:39:07,21.33,72.15
2021-09-27 20:39:08,22.05,72.54
2021-09-27 20:39:09,22.78,68.06
2021-09-27 20:39:10,23.24,66.50
2021-09-27 20:39:11,23.16,66.25
2021-09-27 20:39:12,22.65,66.42
2021-09-27 20:39:13,22.79,68.16
2021-09-27 20:39:14,22.97,66.96
2021-09-27 20:39:15,22.47,65.59
2021-09-27 20:39:16,21.80,64.74
2021-09-27 20:39:17,22.84,62.02
2021-09-27 20:39:18,22.39,60.61
2021-09-27 20:39:19,22.60,61.17
2021-09-27 20:39:20,22.17,59.03
2021-09-27 20:39:21,22.17,61.17
2021-09-27 20:39:22,23.16,62.36
2021-09-27 20:39:23,23.03,62.01
2021-09-27 20:39:24,22.77,59.20
2021-09-27 20:39:25,23.21,60.12
2021-09-27 20:39:26,22.72,61.75
2021-09-27 20:39:27,22.01,62.85
2021-09-27 20:39:28,20.36,61.03
2021-09-27 20:39:29,21.36,60.89
2021-09-27 20:39:30,21.03,63.44
2021-09-27 20:39:31,21.24,62.31
2021-09-27 20:39:32,22.73,62.95
2021-09-27 20:39:33,22.28,60.93
2021-09-27 20:39:34,22.75,60.93
2021-09-27 20:39:35,22.59,60.33
2021-09-27 20:39:36,22.42,58.60
2021-09-27 20:39:37,22.39,60.00
2021-09-27 20:39:38,23.78,60.70
2021-09-27 20:39:39,23.60,63.38
2021-09-27 20:39:40,23.76,63.31
2021-09-27 20:39:41,23.88,62.72
2021-09-27 20:39:42,24.63,62.77
2021-09-27 20:39:43,24.75,61.82
2021-09-27 20:39:44,24.95,66.60
2021-09-27 20:39:45,25.14,66.86
2021-09-27 20:39:46,24.80,65.14
2021-09-27 20:39:47,24.51,64.60
2021-09-27 20:39:48,24.27,64.40
2021-09-27 20:39:49,24.26,68.20
2021-09-27 20:39:50,23.54,71.47
2021-09-27 20:39:51,23.90,70.02
2021-09-27 20:39:52,24.15,71.30
2021-09-27 20:39:53,24.27,68.36
2021-09-27 20:39:54,23.61,63.94
2021-09-27 20:39:55,23.65,62.78
2021-09-27 20:39:56,24.43,64.31
2021-09-27 20:39:57,24.26,63.97
2021-09-27 20:39:58,23.96,65.25
2021-09-27 20:39:59,23.78,69.11
2021-09-27 20:40:00,22.63,69.42
2021-09-27 20:40:01,22.41,72.01
2021-09-27 20:40:02,22.10,75.22
2021-09-27 20:40:03,22.27,75.74
2021-09-27 20:40:04,22.30,78.35
2021-09-27 20:40:05,22.69,77.63
2021-09-27 20:40:06,21.68,73.55
2021-09-27 20:40:07,22.20,72.52
2021-09-27 20:40:08,21.92,74.01
2021-09-27 20:40:09,21.67,71.28
2021-09-27 20:40:10,22.15,68.88
2021-09-27 20:40:11,21.88,66.23
2021-09-27 20:40:12,21.35,64.56
2021-09-27 20:40:13,21.71,61.43
2021-09-27 20:40:14,22.36,59.11
2021-09-27 20:40:15,22.54,58.84
2021-09-27 20:40:16,22.20,60.94
2021-09-27 20:40:17,21.99,60.24
2021-09-27 20:40:18,21.44,61.53
2021-09-27 20:40:19,20.94,62.20
2021-09-27 20:40:20,20.68,60.38
2021-09-27 20:40:21,20.59,58.34
2021-09-27 20:40:22,20.25,60.23
2021-09-27 20:40:23,20.83,58.89
2021-09-27 20:40:24,19.79,60.69
2021-09-27 20:40:25,20.26,64.70
2021-09-27 20:40:26,21.36,64.36
2021-09-27 20:40:27,20.85,66.40
2021-09-27 20:40:28,21.40,66.48
2021-09-27 20:40:30,21.75,68.42
2021-09-27 20:40:31,22.10,67.89
2021-09-27 20:40:32,21.76,66.15
2021-09-27 20:40:33,22.05,66.81
2021-09-27 20:40:34,22.52,69.82
2021-09-27 20:40:35,22.05,71.14
2021-09-27 20:40:36,22.16,70.01
2021-09-27 20:40:37,22.03,72.64
2021-09-27 20:40:38,23.17,71.64
2021-09-27 20:40:39,23.27,73.21
2021-09-27 20:40:40,23.46,72.66
2021-09-27 20:40:41,23.97,72.91
2021-09-27 20:40:42,23.85,71.36
2021-09-27 20:40:43,22.48,70.47
2021-09-27 20:40:44,22.21,69.11
2021-09-27 20:40:45,21.43,66.56
2021-09-27 20:40:46,21.84,65.52
2021-09-27 20:40:47,21.70,64.80
2021-09-27 20:40:48,21.30,64.90
2021-09-27 20:40:49,21.24,69.30
2021-09-27 20:40:50,20.90,66.08
2021-09-27 20:40:51,19.96,67.14
2021-09-27 20:40:52,19.58,66.47
2021-09-27 20:40:53,19.94,63.55
2021-09-27 20:40:54,20.21,63.69
2021-09-27 20:40:55,19.78,64.52
2021-09-27 20:40:56,19.97,64.05
2021-09-27 20:40:57,20.06,65.20
2021-09-27 20:40:58,20.11,65.91
2021-09-27 20:40:59,19.78,64.83
2021-09-27 20:41:00,19.91,60.82
2021-09-27 20:41:01,19.98,67.23
2021-09-27 20:41:02,19.73,69.32
2021-09-27 20:41:03,20.27,69.28
2021-09-27 20:41:04,20.19,69.53
2021-09-27 20:41:05,20.28,67.85
2021-09-27 20:41:06,19.54,64.23
2021-09-27 20:41:07,20.28,63.89
2021-09-27 20:41:08,20.24,63.39
2021-09-27 20:41:09,19.66,65.04
2021-09-27 20:41:10,19.39,65.24
2021-09-27 20:41:11,20.03,64.69
2021-09-27 20:41:12,20.90,67.33
2021-09-27 20:41:13,20.66,63.90
2021-09-27 20:41:14,20.02,69.32
2021-09-27 20:41:15,20.46,72.01
2021-09-27 20:41:16,20.16,74.94
2021-09-27 20:41:17,19.97,72.56
2021-09-27 20:41:18,20.38,72.73
2021-09-27 20:41:19,20.48,72.58
2021-09-27 20:41:20,20.52,74.03
2021-09-27 20:41:21,21.48,71.30
2021-09-27 20:41:22,21.74,72.84
2021-09-27 20:41:23,22.66,73.11
2021-09-27 20:41:24,23.34,72.52
2021-09-27 20:41:25,23.88,70.20
2021-09-27 20:41:26,24.10,73.07
2021-09-27 20:41:27,23.64,72.94
2021-09-27 20:41:28,23.29,70.47
2021-09-27 20:41:29,23.08,67.93
2021-09-27 20:41:30,22.49,67.70
2021-09-27 20:41:31,22.92,68.04
2021-09-27 20:41:32,23.20,68.08
2021-09-27 20:41:33,23.69,68.70
2021-09-27 20:41:34,23.36,70.48
2021-09-27 20:41:35,22.62,70.28
2021-09-27 20:41:36,22.24,65.74
2021-09-27 20:41:37,21.83,65.87
2021-09-27 20:41:38,21.73,67.72
2021-09-27 20:41:39,22.63,70.34
2021-09-27 20:41:40,22.76,67.09
2021-09-27 20:41:41,23.20,65.06
2021-09-27 20:41:42,23.28,67.35
2021-09-27 20:41:43,23.13,67.50
2021-09-27 20:41:44,22.78,65.79
2021-09-27 20:41:45,22.44,65.28
2021-09-27 20:41:46,21.87,66.17
2021-09-27 20:41:48,21.60,64.30
2021-09-27 20:41:49,22.11,66.89
2021-09-27 20:41:50,22.08,69.66
2021-09-27 20:41:51,21.84,70.47
2021-09-27 20:41:52,21.89,71.13
2021-09-27 20:41:53,21.74,69.23
2021-09-27 20:41:54,22.54,66.12
2021-09-27 20:41:55,22.21,69.95
2021-09-27 20:41:56,21.82,68.50
2021-09-27 20:41:57,22.46,69.93
2021-09-27 20:41:58,22.73,70.21
2021-09-27 20:41:59,22.11,69.43
2021-09-27 20:42:00,21.72,69.72
2021-09-27 20:42:01,21.29,73.70
2021-09-27 20:42:02,20.36,72.76
2021-09-27 20:42:03,20.79,70.76
2021-09-27 20:42:04,21.09,71.01
2021-09-27 20:42:05,21.35,68.46
2021-09-27 20:42:06,21.62,67.72
2021-09-27 20:42:07,22.26,62.18
2021-09-27 20:42:08,22.72,64.20
2021-09-27 20:42:09,22.78,63.14
2021-09-27 20:42:10,21.74,65.64
2021-09-27 20:42:11,21.87,66.82
2021-09-27 20:42:12,21.91,66.87
2021-09-27 20:42:13,21.18,67.60
2021-09-27 20:42:14,21.48,67.26
2021-09-27 20:42:15,21.89,67.05
2021-09-27 20:42:16,21.44,68.83
2021-09-27 20:42:17,22.12,71.08
2021-09-27 20:42:18,22.30,68.78
2021-09-27 20:42:19,22.81,65.50
2021-09-27 20:42:20,23.07,64.39
2021-09-27 20:42:21,23.03,65.23
2021-09-27 20:42:22,23.55,65.30
2021-09-27 20:42:23,23.43,70.38
2021-09-27 20:42:24,23.58,69.38
2021-09-27 20:42:25,23.11,68.55
2021-09-27 20:42:26,22.69,65.11
2021-09-27 20:42:27,21.29,64.19
2021-09-27 20:42:28,21.59,64.47
2021-09-27 20:42:29,21.22,60.61
2021-09-27 20:42:30,20.48,61.83
2021-09-27 20:42:31,20.86,61.37
2021-09-27 20:42:32,20.86,62.91
2021-09-27 20:42:33,20.53,62.34
2021-09-27 20:42:34,20.55,57.82
2021-09-27 20:42:35,20.01,57.46
2021-09-27 20:42:36,20.61,61.41
2021-09-27 20:42:37,20.39,62.05
2021-09-27 20:42:38,19.66,62.29
2021-09-27 20:42:39,19.72,64.02
2021-09-27 20:42:40,19.64,66.81
2021-09-27 20:42:41,19.61,66.64
2021-09-27 20:42:42,20.25,65.62
2021-09-27 20:42:43,20.11,66.48
2021-09-27 20:42:44,21.04,65.71
2021-09-27 20:42:45,20.42,65.53
2021-09-27 20:42:46,20.45,63.36
2021-09-27 20:42:47,19.46,65.06
2021-09-27 20:42:48,18.94,64.40
2021-09-27 20:42:49,19.41,61.51
2021-09-27 20:42:50,19.87,64.32
2021-09-27 20:42:51,20.58,64.03
2021-09-27 20:42:52,20.98,63.82
2021-09-27 20:42:53,21.59,61.16
2021-09-27 20:42:54,21.40,64.02
2021-09-27 20:42:55,21.72,63.91
2021-09-27 20:42:56,21.48,66.73
2021-09-27 20:42:57,22.67,68.37
2021-09-27 20:42:58,23.26,69.12
2021-09-27 20:42:59,21.88,69.90
2021-09-27 20:43:00,22.73,69.22
2021-09-27 20:43:01,22.91,67.40
2021-09-27 20:43:02,22.33,66.51
2021-09-27 20:43:03,22.90,67.98
2021-09-27 20:43:04,22.47,65.87
2021-09-27 20:43:05,21.91,67.19
2021-09-27 20:43:06,21.09,67.74
2021-09-27 20:43:07,21.45,68.90
2021-09-27 20:43:08,21.04,70.93
2021-09-27 20:43:09,20.89,72.69
2021-09-27 20:43:10,21.29,73.56
2021-09-27 20:43:11,21.31,70.21
2021-09-27 20:43:12,21.41,69.08
2021-09-27 20:43:13,22.03,64.70
2021-09-27 20:43:14,22.03,64.32
2021-09-27 20:43:15,22.44,60.82
2021-09-27 20:43:16,21.51,63.27
2021-09-27 20:43:17,21.52,65.29
2021-09-27 20:43:18,21.47,64.91
2021-09-27 20:43:19,20.73,66.42
2021-09-27 20:43:20,19.99,64.99
2021-09-27 20:43:21,19.87,67.49
2021-09-27 20:43:22,20.16,64.28
2021-09-27 20:43:23,20.53,62.54
2021-09-27 20:43:24,20.93,63.29
2021-09-27 20:43:25,21.47,63.31
2021-09-27 20:43:26,22.58,63.80
2021-09-27 20:43:27,22.16,66.58
2021-09-27 20:43:28,23.13,66.73
2021-09-27 20:43:29,22.90,62.59
2021-09-27 20:43:30,22.38,66.65
2021-09-27 20:43:31,22.58,64.99
2021-09-27 20:43:32,21.92,64.76
2021-09-27 20:43:33,21.90,64.91
2021-09-27 20:43:34,22.07,67.89
2021-09-27 20:43:35,22.30,68.78
2021-09-27 20:43:36,21.55,67.09
2021-09-27 20:43:37,21.19,70.69
2021-09-27 20:43:38,21.64,68.70
2021-09-27 20:43:39,21.65,65.56
2021-09-27 20:43:40,22.14,63.33
2021-09-27 20:43:41,22.88,68.09
2021-09-27 20:43:42,22.83,68.95
2021-09-27 20:43:43,22.56,70.11
2021-09-27 20:43:44,23.18,68.62
2021-09-27 20:43:45,22.92,65.79
2021-09-27 20:43:46,22.76,66.33
2021-09-27 20:43:47,23.35,64.85
2021-09-27 20:43:48,23.65,68.06
2021-09-27 20:43:49,23.88,69.06
2021-09-27 20:43:51,23.76,69.45
2021-09-27 20:43:52,23.92,71.29
2021-09-27 20:43:53,23.87,70.10
2021-09-27 20:43:54,23.46,71.40
2021-09-27 20:43:55,22.52,70.19
2021-09-27 20:43:56,22.16,68.81
2021-09-27 20:43:57,21.27,68.85
2021-09-27 20:43:58,20.91,65.41
2021-09-27 20:43:59,21.05,64.20
2021-09-27 20:44:00,20.64,63.90
2021-09-27 20:44:01,20.40,64.41
2021-09-27 20:44:02,19.96,61.85
2021-09-27 20:44:03,20.10,59.83
2021-09-27 20:44:04,20.45,56.16
2021-09-27 20:44:05,20.41,54.83
2021-09-27 20:44:06,20.98,57.54
2021-09-27 20:44:07,21.42,54.74
2021-09-27 20:44:08,21.77,57.55
2021-09-27 20:44:09,22.56,59.89
2021-09-27 20:44:10,22.70,59.26
2021-09-27 20:44:11,22.68,58.51
2021-09-27 20:44:12,22.63,60.15
2021-09-27 20:44:13,23.11,60.48
2021-09-27 20:44:14,22.47,64.72
2021-09-27 20:44:15,22.23,63.67
2021-09-27 20:44:16,22.31,63.83
2021-09-27 20:44:17,22.16,64.23
2021-09-27 20:44:18,21.16,65.07
2021-09-27 20:44:19,20.85,63.38
2021-09-27 20:44:20,20.88,64.57
2021-09-27 20:44:21,20.90,66.98
2021-09-27 20:44:22,21.16,63.80
2021-09-27 20:44:23,21.41,61.60
2021-09-27 20:44:24,21.28,63.60
2021-09-27 20:44:25,21.49,62.34
2021-09-27 20:44:26,21.85,65.76
2021-09-27 20:44:27,21.49,65.47
2021-09-27 20:44:28,21.61,64.98
2021-09-27 20:44:29,21.48,64.57
2021-09-27 20:44:30,22.08,65.36
2021-09-27 20:44:31,22.29,67.44
2021-09-27 20:44:32,21.12,69.12
2021-09-27 20:44:33,20.80,71.85
2021-09-27 20:44:34,20.95,71.05
2021-09-27 20:44:35,20.63,67.76
2021-09-27 20:44:36,22.04,69.19
2021-09-27 20:44:37,21.89,66.07
2021-09-27 20:44:38,22.11,61.84
2021-09-27 20:44:39,21.97,62.80
2021-09-27 20:44:40,21.81,62.96
2021-09-27 20:44:41,22.14,64.60
2021-09-27 20:44:42,22.67,63.45
2021-09-27 20:44:43,23.13,64.28
2021-09-27 20:44:44,22.27,61.93
2021-09-27 20:44:45,22.55,63.33
2021-09-27 20:44:46,22.80,65.12
2021-09-27 20:44:47,22.84,67.85
2021-09-27 20:44:48,22.20,72.07
2021-09-27 20:44:49,21.61,68.70
2021-09-27 20:44:50,21.55,72.06
2021-09-27 20:44:51,21.52,72.61
2021-09-27 20:44:52,22.02,71.12
2021-09-27 20:44:53,21.72,72.46
2021-09-27 20:44:54,21.74,71.89
2021-09-27 20:44:55,22.19,72.32
2021-09-27 20:44:56,22.07,74.34
2021-09-27 20:44:57,22.53,74.92
2021-09-27 20:44:58,22.27,75.24
2021-09-27 20:44:59,22.48,74.59
2021-09-27 20:45:00,21.63,75.22
2021-09-27 20:45:01,20.91,73.11
2021-09-27 20:45:02,20.48,74.83
2021-09-27 20:45:03,20.15,72.20
2021-09-27 20:45:04,20.84,74.57
2021-09-27 20:45:05,19.82,75.70
2021-09-27 20:45:06,19.75,77.27
2021-09-27 20:45:07,20.51,74.80
2021-09-27 20:45:08,20.61,73.33
2021-09-27 20:45:09,21.02,77.75
2021-09-27 20:45:10,20.61,74.97
2021-09-27 20:45:11,20.64,73.05
2021-09-27 20:45:12,20.26,73.63
2021-09-27 20:45:13,20.47,73.16
2021-09-27 20:45:14,20.94,72.00
2021-09-27 20:45:15,21.47,71.66
2021-09-27 20:45:16,21.22,66.68
2021-09-27 20:45:17,21.07,66.09
2021-09-27 20:45:18,20.78,66.09
2021-09-27 20:45:19,20.69,67.55
2021-09-27 20:45:20,20.77,69.79
2021-09-27 20:45:21,19.82,70.14
2021-09-27 20:45:22,20.06,66.35
2021-09-27 20:45:23,20.52,65.87
2021-09-27 20:45:24,21.06,64.24
2021-09-27 20:45:25,22.08,66.31
2021-09-27 20:45:26,21.02,68.26
2021-09-27 20:45:27,20.89,64.13
2021-09-27 20:45:28,21.25,64.36
2021-09-27 20:45:29,21.99,66.37
2021-09-27 20:45:30,22.68,65.55
2021-09-27 20:45:31,21.90,68.72
2021-09-27 20:45:32,22.43,66.84
2021-09-27 20:45:33,22.92,69.17
2021-09-27 20:45:34,22.21,71.34
2021-09-27 20:45:35,22.47,73.26
2021-09-27 20:45:36,22.86,71.85
2021-09-27 20:45:37,23.36,74.59
2021-09-27 20:45:38,22.75,77.52
2021-09-27 20:45:39,21.96,75.58
2021-09-27 20:45:40,22.11,75.16
2021-09-27 20:45:41,21.84,74.86
2021-09-27 20:45:42,21.84,77.89
2021-09-27 20:45:43,21.90,73.19
2021-09-27 20:45:44,22.03,72.27
2021-09-27 20:45:45,21.47,71.50
2021-09-27 20:45:46,21.48,70.21
2021-09-27 20:45:47,21.14,69.94
2021-09-27 20:45:48,21.15,69.24
2021-09-27 20:45:49,22.27,71.56
2021-09-27 20:45:50,21.48,73.59
2021-09-27 20:45:51,21.30,73.57
2021-09-27 20:45:52,21.47,72.47
2021-09-27 20:45:53,21.64,70.32
2021-09-27 20:45:54,21.05,69.82
2021-09-27 20:45:55,21.12,70.70
2021-09-27 20:45:56,21.25,69.02
2021-09-27 20:45:57,21.04,68.66
2021-09-27 20:45:59,21.75,70.08
2021-09-27 20:46:00,20.83,69.95
2021-09-27 20:46:01,20.89,69.60
2021-09-27 20:46:02,20.79,68.56
2021-09-27 20:46:03,21.69,70.62
2021-09-27 20:46:04,21.72,74.43
2021-09-27 20:46:05,21.75,74.31
2021-09-27 20:46:06,20.96,71.94
2021-09-27 20:46:07,21.25,74.26
2021-09-27 20:46:08,20.95,76.95
2021-09-27 20:46:09,19.68,74.45
2021-09-27 20:46:10,19.13,71.57
2021-09-27 20:46:11,18.40,71.39
2021-09-27 20:46:12,17.89,71.00
2021-09-27 20:46:13,18.32,72.87
2021-09-27 20:46:14,17.83,73.80
2021-09-27 20:46:15,17.71,75.04
2021-09-27 20:46:16,18.39,74.47
2021-09-27 20:46:17,18.90,75.92
2021-09-27 20:46:18,18.74,78.22
2021-09-27 20:46:19,18.35,77.56
2021-09-27 20:46:20,18.57,79.67
2021-09-27 20:46:21,18.83,77.10
2021-09-27 20:46:22,18.59,72.08
2021-09-27 20:46:23,17.56,72.52
2021-09-27 20:46:24,17.32,73.60
2021-09-27 20:46:25,17.93,72.23
2021-09-27 20:46:26,19.67,73.78
2021-09-27 20:46:27,20.07,71.62
2021-09-27 20:46:28,19.41,70.06
2021-09-27 20:46:29,18.81,71.81
2021-09-27 20:46:30,19.45,69.86
2021-09-27 20:46:31,20.09,73.18
2021-09-27 20:46:32,20.44,72.71
2021-09-27 20:46:33,20.78,72.78
2021-09-27 20:46:34,21.22,74.56
2021-09-27 20:46:35,22.30,75.08
2021-09-27 20:46:36,21.49,72.54
2021-09-27 20:46:37,21.00,72.43
2021-09-27 20:46:38,21.22,70.35
2021-09-27 20:46:39,21.62,67.15
2021-09-27 20:46:40,21.29,70.10
2021-09-27 20:46:41,21.07,71.34
2021-09-27 20:46:42,21.14,67.58
2021-09-27 20:46:43,21.19,64.62
2021-09-27 20:46:44,21.71,62.18
2021-09-27 20:46:45,20.62,63.29
2021-09-27 20:46:46,20.59,64.68
2021-09-27 20:46:47,21.45,67.97
2021-09-27 20:46:48,21.62,69.97
2021-09-27 20:46:49,22.34,70.17
2021-09-27 20:46:50,22.94,72.31
2021-09-27 20:46:51,23.58,70.50
2021-09-27 20:46:52,22.72,71.75
2021-09-27 20:46:53,22.56,71.92
2021-09-27 20:46:54,22.22,71.59
2021-09-27 20:46:55,22.53,69.00
2021-09-27 20:46:56,22.59,70.93
2021-09-27 20:46:57,22.72,64.14
2021-09-27 20:46:58,23.77,62.76
2021-09-27 20:46:59,22.37,60.54
2021-09-27 20:47:00,22.81,61.01
2021-09-27 20:47:01,22.49,58.25
2021-09-27 20:47:02,22.17,57.18
2021-09-27 20:47:03,22.66,57.10
2021-09-27 20:47:04,22.58,55.04
2021-09-27 20:47:05,21.75,56.55
2021-09-27 20:47:06,21.81,58.72
2021-09-27 20:47:07,22.43,62.98
2021-09-27 20:47:08,22.38,61.24
2021-09-27 20:47:09,21.91,58.18
2021-09-27 20:47:10,22.14,57.16
2021-09-27 20:47:11,22.25,55.78
2021-09-27 20:47:12,21.54,57.86
2021-09-27 20:47:13,21.16,53.81
2021-09-27 20:47:14,22.08,57.43
2021-09-27 20:47:15,22.21,57.31
2021-09-27 20:47:16,21.56,62.25
2021-09-27 20:47:17,21.20,63.18
2021-09-27 20:47:18,21.76,61.26
2021-09-27 20:47:19,21.57,59.69
2021-09-27 20:47:20,22.57,63.09
2021-09-27 20:47:21,22.65,62.88
2021-09-27 20:47:22,22.73,67.98
2021-09-27 20:47:23,23.11,69.33
2021-09-27 20:47:24,22.42,71.99
2021-09-27 20:47:25,22.08,69.19
2021-09-27 20:47:26,22.13,68.31
2021-09-27 20:47:27,21.10,66.58
2021-09-27 20:47:28,22.10,62.20
2021-09-27 20:47:29,21.80,62.05
2021-09-27 20:47:30,21.69,62.07
2021-09-27 20:47:31,20.45,60.73
2021-09-27 20:47:32,20.14,63.83
2021-09-27 20:47:33,19.75,62.94
2021-09-27 20:47:34,19.98,63.38
2021-09-27 20:47:35,20.14,62.83
2021-09-27 20:47:36,19.29,62.82
2021-09-27 20:47:37,19.72,60.97
2021-09-27 20:47:38,20.03,63.44
2021-09-27 20:47:39,20.06,61.60
2021-09-27 20:47:40,19.73,59.97
2021-09-27 20:47:41,20.16,61.88
2021-09-27 20:47:42,20.22,61.98
2021-09-27 20:47:43,20.89,63.33
2021-09-27 20:47:44,20.58,67.31
2021-09-27 20:47:45,21.44,69.36
2021-09-27 20:47:46,21.96,70.69
2021-09-27 20:47:47,21.67,71.63
2021-09-27 20:47:48,22.14,73.60
2021-09-27 20:47:49,22.04,74.87
2021-09-27 20:47:50,21.85,76.41
2021-09-27 20:47:51,21.61,78.24
2021-09-27 20:47:52,22.80,77.40
2021-09-27 20:47:53,22.68,78.39
2021-09-27 20:47:54,22.81,78.14
2021-09-27 20:47:55,22.93,78.73
2021-09-27 20:47:56,22.97,76.63
2021-09-27 20:47:57,23.02,75.94
2021-09-27 20:47:58,23.61,78.42
2021-09-27 20:47:59,24.04,75.62
2021-09-27 20:48:00,24.49,75.59
2021-09-27 20:48:01,23.69,74.32
2021-09-27 20:48:02,23.10,74.93
2021-09-27 20:48:03,21.85,72.57
2021-09-27 20:48:04,22.29,71.25
2021-09-27 20:48:05,21.88,71.69
2021-09-27 20:48:06,22.39,70.59
2021-09-27 20:48:07,23.23,70.33
2021-09-27 20:48:08,23.93,67.99
2021-09-27 20:48:09,23.66,70.53
2021-09-27 20:48:10,23.89,70.02
2021-09-27 20:48:11,23.76,70.15
2021-09-27 20:48:12,23.32,65.23
2021-09-27 20:48:13,23.41,65.81
2021-09-27 20:48:14,22.82,64.71
2021-09-27 20:48:15,22.04,65.86
2021-09-27 20:48:16,22.24,63.28
2021-09-27 20:48:17,22.07,66.45
2021-09-27 20:48:18,22.04,64.84
2021-09-27 20:48:19,21.35,63.35
2021-09-27 20:48:20,21.71,65.38
2021-09-27 20:48:22,22.48,65.59
2021-09-27 20:48:23,23.18,63.56
2021-09-27 20:48:24,22.68,61.26
2021-09-27 20:48:25,22.94,66.68
2021-09-27 20:48:26,23.33,64.18
2021-09-27 20:48:27,23.41,63.15
2021-09-27 20:48:28,22.28,65.79
2021-09-27 20:48:29,22.07,59.99
2021-09-27 20:48:30,21.80,61.50
2021-09-27 20:48:31,21.73,61.85
2021-09-27 20:48:32,22.07,58.00
2021-09-27 20:48:33,22.37,60.20
2021-09-27 20:48:34,22.71,59.94
2021-09-27 20:48:35,21.88,63.17
2021-09-27 20:48:36,21.75,63.87
2021-09-27 20:48:37,21.78,66.36
2021-09-27 20:48:38,22.14,66.37
2021-09-27 20:48:39,22.54,64.98
2021-09-27 20:48:40,22.31,62.79
2021-09-27 20:48:41,21.52,65.34
2021-09-27 20:48:42,20.90,65.86
2021-09-27 20:48:43,20.83,68.59
2021-09-27 20:48:44,21.72,66.34
2021-09-27 20:48:45,22.24,69.42
2021-09-27 20:48:46,21.12,74.65
2021-09-27 20:48:47,22.07,72.55
2021-09-27 20:48:48,21.66,70.82
2021-09-27 20:48:49,21.47,68.33
2021-09-27 20:48:50,20.54,66.33
2021-09-27 20:48:51,21.29,67.64
2021-09-27 20:48:52,21.17,69.70
2021-09-27 20:48:53,21.29,70.87
2021-09-27 20:48:54,21.11,67.62
2021-09-27 20:48:55,21.34,70.69
2021-09-27 20:48:56,21.19,71.32
2021-09-27 20:48:57,21.12,70.82
2021-09-27 20:48:58,20.98,71.27
2021-09-27 20:48:59,21.22,71.31
2021-09-27 20:49:00,20.76,73.05
2021-09-27 20:49:01,19.86,74.79
2021-09-27 20:49:02,20.09,72.89
2021-09-27 20:49:03,20.98,74.19
2021-09-27 20:49:04,20.64,73.78
2021-09-27 20:49:05,20.95,73.76
2021-09-27 20:49:06,21.66,70.20
2021-09-27 20:49:07,22.11,69.52
2021-09-27 20:49:08,21.60,70.56
2021-09-27 20:49:09,21.66,66.24
2021-09-27 20:49:10,23.04,67.63
2021-09-27 20:49:11,23.35,70.89
2021-09-27 20:49:12,23.25,68.42
2021-09-27 20:49:13,24.41,70.64
2021-09-27 20:49:14,24.41,73.13
2021-09-27 20:49:15,24.34,72.46
2021-09-27 20:49:16,24.34,72.45
2021-09-27 20:49:17,23.84,72.90
2021-09-27 20:49:18,23.05,74.43
2021-09-27 20:49:19,23.28,75.51
2021-09-27 20:49:20,23.10,78.59
2021-09-27 20:49:21,22.76,75.50
2021-09-27 20:49:22,23.27,73.91
2021-09-27 20:49:23,22.92,74.53
2021-09-27 20:49:24,22.66,74.88
2021-09-27 20:49:25,22.54,75.44
2021-09-27 20:49:26,22.74,72.66
2021-09-27 20:49:27,22.54,72.73
2021-09-27 20:49:28,22.88,71.32
2021-09-27 20:49:29,22.21,68.97
2021-09-27 20:49:30,22.30,68.57
2021-09-27 20:49:31,21.45,68.04
2021-09-27 20:49:32,20.78,69.59
2021-09-27 20:49:33,20.86,72.20
2021-09-27 20:49:34,20.29,72.86
2021-09-27 20:49:35,20.92,74.53
2021-09-27 20:49:36,20.26,71.59
2021-09-27 20:49:37,19.44,68.36
2021-09-27 20:49:38,19.96,67.66
2021-09-27 20:49:39,20.91,62.63
2021-09-27 20:49:40,20.44,64.16
2021-09-27 20:49:41,21.54,67.00
2021-09-27 20:49:42,21.48,67.96
2021-09-27 20:49:43,22.52,68.23
2021-09-27 20:49:44,21.44,70.04
2021-09-27 20:49:45,20.94,68.56
2021-09-27 20:49:46,21.18,68.07
2021-09-27 20:49:47,20.83,67.96
2021-09-27 20:49:48,21.24,69.30
2021-09-27 20:49:49,20.73,70.55
2021-09-27 20:49:50,20.06,71.47
2021-09-27 20:49:51,19.88,71.12
2021-09-27 20:49:52,19.92,71.45
2021-09-27 20:49:53,20.34,69.32
2021-09-27 20:49:54,21.53,66.29
2021-09-27 20:49:55,21.43,64.50
2021-09-27 20:49:56,21.21,63.29
2021-09-27 20:49:57,20.56,63.86
2021-09-27 20:49:58,21.10,62.49
2021-09-27 20:49:59,21.64,60.00
2021-09-27 20:50:00,22.08,61.82
2021-09-27 20:50:01,21.53,60.09
2021-09-27 20:50:02,21.77,60.85
2021-09-27 20:50:03,21.79,58.75
2021-09-27 20:50:04,22.03,59.73
2021-09-27 20:50:05,21.84,63.49
2021-09-27 20:50:06,21.47,61.81
2021-09-27 20:50:07,21.73,65.42
2021-09-27 20:50:08,22.15,66.25
2021-09-27 20:50:09,21.61,68.24
2021-09-27 20:50:10,22.28,71.30
2021-09-27 20:50:11,21.96,71.77
2021-09-27 20:50:12,22.07,75.53
2021-09-27 20:50:13,22.45,73.01
2021-09-27 20:50:14,22.61,70.83
2021-09-27 20:50:15,22.58,68.76
2021-09-27 20:50:16,21.92,68.55
2021-09-27 20:50:17,22.87,65.59
2021-09-27 20:50:18,23.64,64.56
2021-09-27 20:50:19,23.38,63.46
2021-09-27 20:50:20,22.33,62.75
2021-09-27 20:50:21,21.93,63.60
2021-09-27 20:50:22,21.10,61.77
2021-09-27 20:50:23,20.71,65.13
2021-09-27 20:50:24,21.18,65.24
2021-09-27 20:50:25,21.42,68.22
2021-09-27 20:50:26,21.40,69.19
2021-09-27 20:50:27,21.44,66.90
2021-09-27 20:50:28,21.15,69.67
2021-09-27 20:50:29,21.48,71.69
2021-09-27 20:50:30,20.45,71.42
2021-09-27 20:50:31,20.51,70.70
2021-09-27 20:50:32,20.99,70.57
2021-09-27 20:50:33,21.13,69.95
2021-09-27 20:50:34,21.12,67.89
2021-09-27 20:50:35,20.83,67.74
2021-09-27 20:50:36,20.31,65.42
2021-09-27 20:50:37,20.92,63.13
2021-09-27 20:50:38,20.73,64.03
2021-09-27 20:50:40,19.85,59.12
2021-09-27 20:50:41,20.40,62.46
2021-09-27 20:50:42,20.86,63.66
2021-09-27 20:50:43,21.32,63.15
2021-09-27 20:50:44,22.11,64.81
2021-09-27 20:50:45,22.03,64.62
2021-09-27 20:50:46,22.22,63.98
2021-09-27 20:50:47,22.54,62.54
2021-09-27 20:50:48,21.59,65.99
2021-09-27 20:50:49,22.24,61.82
2021-09-27 20:50:50,21.67,65.04
2021-09-27 20:50:51,21.03,65.15
2021-09-27 20:50:52,21.01,65.21
2021-09-27 20:50:53,21.35,62.25
2021-09-27 20:50:54,21.39,65.84
2021-09-27 20:50:55,21.58,64.83
2021-09-27 20:50:56,21.75,66.29
2021-09-27 20:50:57,22.81,65.21
2021-09-27 20:50:58,23.17,70.88
2021-09-27 20:50:59,22.48,71.10
2021-09-27 20:51:00,22.70,72.81
2021-09-27 20:51:01,22.80,71.52
2021-09-27 20:51:02,21.81,71.80
2021-09-27 20:51:03,22.30,73.00
2021-09-27 20:51:04,21.42,69.39
2021-09-27 20:51:05,20.87,66.95
2021-09-27 20:51:06,20.70,65.19
2021-09-27 20:51:07,21.49,67.33
2021-09-27 20:51:08,20.88,66.10
2021-09-27 20:51:09,21.32,67.56
2021-09-27 20:51:10,21.40,66.94
2021-09-27 20:51:11,20.93,62.49
2021-09-27 20:51:12,20.80,63.88
2021-09-27 20:51:13,20.22,64.01
2021-09-27 20:51:14,18.95,61.51
2021-09-27 20:51:15,19.04,61.75
2021-09-27 20:51:16,18.48,60.62
2021-09-27 20:51:17,20.16,61.11
2021-09-27 20:51:18,19.78,62.25
2021-09-27 20:51:19,20.04,61.80
2021-09-27 20:51:20,20.56,64.70
2021-09-27 20:51:21,21.59,64.96
2021-09-27 20:51:22,21.15,66.56
2021-09-27 20:51:23,20.11,65.83
2021-09-27 20:51:24,19.92,64.81
2021-09-27 20:51:25,19.76,66.08
2021-09-27 20:51:26,20.23,65.83
2021-09-27 20:51:27,21.17,64.46
2021-09-27 20:51:28,22.12,62.12
2021-09-27 20:51:29,20.81,63.85
2021-09-27 20:51:30,20.35,61.89
2021-09-27 20:51:31,20.10,63.02
2021-09-27 20:51:32,21.07,64.05
2021-09-27 20:51:33,21.03,62.08
2021-09-27 20:51:34,21.23,60.66
2021-09-27 20:51:35,21.42,58.89
2021-09-27 20:51:36,21.66,54.66
2021-09-27 20:51:37,21.55,59.34
2021-09-27 20:51:38,21.80,64.77
2021-09-27 20:51:39,21.12,60.97
2021-09-27 20:51:40,21.28,63.01
2021-09-27 20:51:41,21.00,63.22
2021-09-27 20:51:42,20.85,63.67
2021-09-27 20:51:43,21.60,64.72
2021-09-27 20:51:44,21.52,64.29
2021-09-27 20:51:45,21.33,63.81
2021-09-27 20:51:46,21.19,61.68
2021-09-27 20:51:47,21.05,63.48
2021-09-27 20:51:48,21.18,64.32
2021-09-27 20:51:49,20.71,63.85
2021-09-27 20:51:50,20.35,62.88
2021-09-27 20:51:51,21.01,62.49
2021-09-27 20:51:52,21.57,62.10
2021-09-27 20:51:53,22.03,65.01
2021-09-27 20:51:54,22.00,64.83
2021-09-27 20:51:55,21.77,63.19
2021-09-27 20:51:56,22.24,69.17
2021-09-27 20:51:57,22.79,68.42
2021-09-27 20:51:58,22.77,67.70
2021-09-27 20:51:59,22.82,67.04
2021-09-27 20:52:00,23.12,63.57
2021-09-27 20:52:01,23.03,61.95
2021-09-27 20:52:02,22.69,58.97
2021-09-27 20:52:03,22.53,61.95
2021-09-27 20:52:04,23.06,63.84
2021-09-27 20:52:05,23.10,63.93
2021-09-27 20:52:06,23.31,65.03
2021-09-27 20:52:07,24.02,63.98
2021-09-27 20:52:08,24.14,65.29
2021-09-27 20:52:09,23.35,67.84
2021-09-27 20:52:10,22.96,70.86
2021-09-27 20:52:11,23.22,69.14
2021-09-27 20:52:12,23.35,67.85
2021-09-27 20:52:13,23.13,67.34
2021-09-27 20:52:14,23.36,70.02
2021-09-27 20:52:15,23.49,71.79
2021-09-27 20:52:16,23.89,69.75
2021-09-27 20:52:17,23.65,73.67
2021-09-27 20:52:18,23.05,74.45
2021-09-27 20:52:19,23.88,74.79
2021-09-27 20:52:20,23.55,76.10
2021-09-27 20:52:21,23.27,75.56
2021-09-27 20:52:22,23.11,75.51
2021-09-27 20:52:23,23.00,78.58
2021-09-27 20:52:24,22.50,76.54
2021-09-27 20:52:25,22.33,77.87
2021-09-27 20:52:26,21.55,72.78
2021-09-27 20:52:27,21.35,70.14
2021-09-27 20:52:28,21.60,68.15
2021-09-27 20:52:29,22.35,67.74
2021-09-27 20:52:30,22.82,66.85
2021-09-27 20:52:31,22.99,68.57
2021-09-27 20:52:32,22.80,64.46
2021-09-27 20:52:33,22.51,62.99
2021-09-27 20:52:34,22.83,64.54
2021-09-27 20:52:35,22.66,64.02
2021-09-27 20:52:36,23.09,66.55
2021-09-27 20:52:37,22.58,65.83
2021-09-27 20:52:38,22.62,65.06
2021-09-27 20:52:39,22.63,64.33
2021-09-27 20:52:40,22.37,66.29
2021-09-27 20:52:41,23.18,63.06
2021-09-27 20:52:42,23.06,62.56
2021-09-27 20:52:43,22.56,63.85
2021-09-27 20:52:44,23.01,63.29
2021-09-27 20:52:45,22.83,64.61
2021-09-27 20:52:46,22.78,63.69
2021-09-27 20:52:47,22.94,61.59
2021-09-27 20:52:48,23.75,61.88
2021-09-27 20:52:49,23.23,66.74
2021-09-27 20:52:50,22.71,65.00
2021-09-27 20:52:51,23.01,63.92
2021-09-27 20:52:52,23.08,60.39
2021-09-27 20:52:53,22.36,62.23
2021-09-27 20:52:55,22.26,62.07
2021-09-27 20:52:56,22.30,62.49
2021-09-27 20:52:57,22.25,62.96
2021-09-27 20:52:58,22.88,61.99
2021-09-27 20:52:59,22.70,64.03
2021-09-27 20:53:00,22.33,66.49
2021-09-27 20:53:01,21.96,62.75
2021-09-27 20:53:02,22.23,63.39
2021-09-27 20:53:03,22.48,58.50
2021-09-27 20:53:04,22.15,58.43
2021-09-27 20:53:05,22.71,59.08
2021-09-27 20:53:06,22.53,58.73
2021-09-27 20:53:07,21.90,61.46
2021-09-27 20:53:08,21.64,60.28
2021-09-27 20:53:09,20.87,62.36
2021-09-27 20:53:10,20.69,61.11
2021-09-27 20:53:11,21.10,58.63
2021-09-27 20:53:12,20.42,59.85
2021-09-27 20:53:13,20.69,61.34
2021-09-27 20:53:14,21.33,61.54
2021-09-27 20:53:15,21.16,60.35
2021-09-27 20:53:16,21.57,65.27
2021-09-27 20:53:17,21.72,65.09
2021-09-27 20:53:18,21.36,66.18
2021-09-27 20:53:19,21.98,63.28
2021-09-27 20:53:20,22.19,62.08
2021-09-27 20:53:21,22.54,63.91
2021-09-27 20:53:22,22.44,65.82
2021-09-27 20:53:23,22.27,66.10
2021-09-27 20:53:24,22.17,64.57
2021-09-27 20:53:25,21.66,65.22
2021-09-27 20:53:26,21.98,68.84
2021-09-27 20:53:27,21.91,67.19
2021-09-27 20:53:28,22.44,69.72
2021-09-27 20:53:29,22.66,67.78
2021-09-27 20:53:30,22.33,69.71
2021-09-27 20:53:31,22.39,70.56
2021-09-27 20:53:32,21.97,72.73
2021-09-27 20:53:33,22.51,68.29
2021-09-27 20:53:34,22.67,66.99
2021-09-27 20:53:35,22.59,67.09
2021-09-27 20:53:36,22.22,68.06
2021-09-27 20:53:37,22.64,69.15
2021-09-27 20:53:38,22.48,65.11
2021-09-27 20:53:39,22.97,68.39
2021-09-27 20:53:40,23.97,70.13
2021-09-27 20:53:41,24.06,70.00
2021-09-27 20:53:42,23.16,67.91
2021-09-27 20:53:43,22.78,67.62
2021-09-27 20:53:44,22.63,65.01
2021-09-27 20:53:45,23.13,65.19
2021-09-27 20:53:46,22.79,69.74
2021-09-27 20:53:47,23.31,70.46
2021-09-27 20:53:48,23.33,64.97
2021-09-27 20:53:49,23.11,66.52
2021-09-27 20:53:50,22.99,69.32
2021-09-27 20:53:51,23.07,71.81
2021-09-27 20:53:52,23.21,69.25
2021-09-27 20:53:53,23.07,67.41
2021-09-27 20:53:54,22.97,67.02
2021-09-27 20:53:55,23.05,69.33
2021-09-27 20:53:56,23.57,71.02
2021-09-27 20:53:57,22.67,71.03
2021-09-27 20:53:58,22.68,69.96
2021-09-27 20:53:59,22.85,67.35
2021-09-27 20:54:00,22.25,69.88
2021-09-27 20:54:01,23.18,65.62
2021-09-27 20:54:02,22.31,66.81
2021-09-27 20:54:03,22.51,68.35
2021-09-27 20:54:04,22.00,68.13
2021-09-27 20:54:05,21.79,68.38
2021-09-27 20:54:06,20.81,68.70
2021-09-27 20:54:07,20.34,67.41
2021-09-27 20:54:08,20.41,65.46
2021-09-27 20:54:09,20.60,65.51
2021-09-27 20:54:10,20.90,67.40
2021-09-27 20:54:11,21.19,64.54
2021-09-27 20:54:12,21.59,63.37
2021-09-27 20:54:13,21.83,63.53
2021-09-27 20:54:14,21.24,63.10
2021-09-27 20:54:15,21.85,61.54
2021-09-27 20:54:16,20.91,62.66
2021-09-27 20:54:17,21.71,62.01
2021-09-27 20:54:18,21.96,64.18
2021-09-27 20:54:19,21.84,61.01
2021-09-27 20:54:20,22.82,62.46
2021-09-27 20:54:21,23.24,63.27
2021-09-27 20:54:22,23.11,61.61
2021-09-27 20:54:23,22.90,64.11
2021-09-27 20:54:24,22.64,63.80
2021-09-27 20:54:25,22.35,61.79
2021-09-27 20:54:26,22.07,61.82
2021-09-27 20:54:27,22.37,65.04
2021-09-27 20:54:28,23.47,62.70
2021-09-27 20:54:29,22.44,64.08
2021-09-27 20:54:30,21.77,65.51
2021-09-27 20:54:31,21.40,64.69
2021-09-27 20:54:32,21.42,64.09
2021-09-27 20:54:33,21.34,65.07
2021-09-27 20:54:34,20.72,62.56
2021-09-27 20:54:35,20.18,62.25
2021-09-27 20:54:36,20.13,61.39
2021-09-27 20:54:37,19.59,61.55
2021-09-27 20:54:38,20.76,63.64
2021-09-27 20:54:39,20.87,61.73
2021-09-27 20:54:40,19.99,55.86
2021-09-27 20:54:41,19.98,55.17
2021-09-27 20:54:42,19.89,57.53
2021-09-27 20:54:43,20.38,57.34
2021-09-27 20:54:44,20.77,60.17
2021-09-27 20:54:45,21.13,64.11
2021-09-27 20:54:46,21.34,64.13
2021-09-27 20:54:47,21.47,66.18
2021-09-27 20:54:48,21.69,67.47
2021-09-27 20:54:49,21.19,69.20
2021-09-27 20:54:50,22.10,73.03
2021-09-27 20:54:51,22.13,70.45
2021-09-27 20:54:52,21.92,71.10
2021-09-27 20:54:53,21.96,73.00
2021-09-27 20:54:54,21.22,73.85
2021-09-27 20:54:55,21.21,71.87
2021-09-27 20:54:56,21.28,73.29
2021-09-27 20:54:57,21.96,72.38
2021-09-27 20:54:58,22.44,72.25
2021-09-27 20:54:59,22.44,71.11
2021-09-27 20:55:00,22.75,68.05
2021-09-27 20:55:01,22.82,69.75
2021-09-27 20:55:02,22.16,72.39
2021-09-27 20:55:03,22.38,76.17
2021-09-27 20:55:04,22.19,77.65
2021-09-27 20:55:05,22.80,76.65
2021-09-27 20:55:06,22.91,73.66
2021-09-27 20:55:07,22.62,73.88
2021-09-27 20:55:08,22.98,75.26
2021-09-27 20:55:09,23.02,74.03
2021-09-27 20:55:10,22.67,74.27
2021-09-27 20:55:11,22.93,73.47
2021-09-27 20:55:12,22.75,76.11
2021-09-27 20:55:13,23.18,79.34
2021-09-27 20:55:14,23.19,79.94
2021-09-27 20:55:15,22.69,76.31
2021-09-27 20:55:16,22.99,77.93
2021-09-27 20:55:17,23.72,78.64
2021-09-27 20:55:18,23.45,77.11
2021-09-27 20:55:19,22.62,76.78
2021-09-27 20:55:20,22.84,76.75
2021-09-27 20:55:21,22.74,77.47
2021-09-27 20:55:22,22.30,77.59
2021-09-27 20:55:23,22.37,75.10
2021-09-27 20:55:24,21.19,70.31
2021-09-27 20:55:25,22.37,70.77
2021-09-27 20:55:27,22.18,70.79
2021-09-27 20:55:28,21.82,72.70
2021-09-27 20:55:29,21.55,74.83
2021-09-27 20:55:30,22.85,72.76
2021-09-27 20:55:31,22.40,72.14
2021-09-27 20:55:32,22.19,72.79
2021-09-27 20:55:33,21.51,71.67
2021-09-27 20:55:34,21.23,74.40
2021-09-27 20:55:35,20.62,73.42
2021-09-27 20:55:36,20.35,75.60
2021-09-27 20:55:37,19.90,78.34
2021-09-27 20:55:38,19.87,78.13
2021-09-27 20:55:39,20.20,80.63
2021-09-27 20:55:40,20.58,80.85
2021-09-27 20:55:41,20.27,82.30
2021-09-27 20:55:42,20.20,80.50
2021-09-27 20:55:43,19.96,79.40
2021-09-27 20:55:44,20.04,76.92
2021-09-27 20:55:45,20.43,74.04
2021-09-27 20:55:46,20.30,73.64
2021-09-27 20:55:47,20.69,73.31
2021-09-27 20:55:48,21.02,74.85
2021-09-27 20:55:49,21.62,71.54
2021-09-27 20:55:50,21.29,70.41
2021-09-27 20:55:51,22.22,70.25
2021-09-27 20:55:52,22.75,75.68
2021-09-27 20:55:53,22.70,76.47
2021-09-27 20:55:54,22.47,73.45
2021-09-27 20:55:55,22.21,75.99
2021-09-27 20:55:56,21.69,72.37
2021-09-27 20:55:57,21.44,71.75
2021-09-27 20:55:58,21.35,68.44
2021-09-27 20:55:59,22.04,66.96
2021-09-27 20:56:00,21.52,66.89
2021-09-27 20:56:01,22.20,67.54
2021-09-27 20:56:02,21.63,69.54
2021-09-27 20:56:03,21.39,68.26
2021-09-27 20:56:04,21.26,63.55
2021-09-27 20:56:05,21.13,65.31
2021-09-27 20:56:06,20.92,63.41
2021-09-27 20:56:07,21.09,62.43
2021-09-27 20:56:08,20.22,63.11
2021-09-27 20:56:09,19.67,66.11
2021-09-27 20:56:10,20.92,67.19
2021-09-27 20:56:11,21.21,64.70
2021-09-27 20:56:12,21.10,64.87
2021-09-27 20:56:13,21.33,65.85
2021-09-27 20:56:14,21.36,64.61
2021-09-27 20:56:15,22.39,63.29
2021-09-27 20:56:16,22.52,62.94
2021-09-27 20:56:17,22.64,65.38
2021-09-27 20:56:18,22.90,66.81
2021-09-27 20:56:19,22.93,64.59
2021-09-27 20:56:20,22.02,64.95
2021-09-27 20:56:21,21.34,62.55
2021-09-27 20:56:22,21.84,64.54
2021-09-27 20:56:23,21.15,65.85
2021-09-27 20:56:24,21.58,66.93
2021-09-27 20:56:25,20.41,62.76
2021-09-27 20:56:26,19.94,64.38
2021-09-27 20:56:27,19.99,63.72
2021-09-27 20:56:28,20.69,63.43
2021-09-27 20:56:29,20.99,63.08
2021-09-27 20:56:30,21.14,63.28
2021-09-27 20:56:31,20.52,64.02
2021-09-27 20:56:32,20.95,63.33
2021-09-27 20:56:33,20.74,63.68
2021-09-27 20:56:34,19.71,63.56
2021-09-27 20:56:35,19.71,65.33
2021-09-27 20:56:36,19.63,62.70
2021-09-27 20:56:37,19.65,61.10
2021-09-27 20:56:38,20.21,65.67
2021-09-27 20:56:39,20.28,63.16
2021-09-27 20:56:40,21.09,64.59
2021-09-27 20:56:41,20.86,66.36
2021-09-27 20:56:42,21.10,65.21
2021-09-27 20:56:43,21.58,62.72
2021-09-27 20:56:44,22.75,65.53
2021-09-27 20:56:45,22.24,62.49
2021-09-27 20:56:46,23.50,63.74
2021-09-27 20:56:47,23.80,62.60
2021-09-27 20:56:48,23.36,61.72
2021-09-27 20:56:49,23.18,62.40
2021-09-27 20:56:50,23.06,63.33
2021-09-27 20:56:51,22.68,60.50
2021-09-27 20:56:52,21.94,63.31
2021-09-27 20:56:53,21.39,63.60
2021-09-27 20:56:54,21.92,63.96
2021-09-27 20:56:55,21.43,64.49
2021-09-27 20:56:56,21.36,65.32
2021-09-27 20:56:57,21.55,62.42
2021-09-27 20:56:58,21.61,62.09
2021-09-27 20:56:59,21.78,62.58
2021-09-27 20:57:00,21.13,64.64
2021-09-27 20:57:01,21.39,64.11
2021-09-27 20:57:02,21.21,62.74
2021-09-27 20:57:03,21.87,63.20
2021-09-27 20:57:04,21.12,63.47
2021-09-27 20:57:05,21.81,61.56
2021-09-27 20:57:06,21.93,66.44
2021-09-27 20:57:07,21.85,65.11
2021-09-27 20:57:08,22.06,63.16
2021-09-27 20:57:09,22.55,63.73
2021-09-27 20:57:10,22.26,63.16
2021-09-27 20:57:11,21.97,63.93
2021-09-27 20:57:12,21.86,62.75
2021-09-27 20:57:13,22.15,67.28
2021-09-27 20:57:14,21.90,69.02
2021-09-27 20:57:15,21.47,68.25
2021-09-27 20:57:16,20.89,66.09
2021-09-27 20:57:17,20.57,63.92
2021-09-27 20:57:18,19.99,62.39
2021-09-27 20:57:19,19.63,61.09
2021-09-27 20:57:20,20.23,62.42
2021-09-27 20:57:21,20.13,63.28
2021-09-27 20:57:22,20.42,60.97
2021-09-27 20:57:23,20.70,65.51
2021-09-27 20:57:24,20.92,64.00
2021-09-27 20:57:25,21.26,64.83
2021-09-27 20:57:26,21.16,67.42
2021-09-27 20:57:27,20.73,62.77
2021-09-27 20:57:28,22.00,66.54
2021-09-27 20:57:29,21.48,66.17
2021-09-27 20:57:30,20.41,66.49
2021-09-27 20:57:31,21.22,64.62
2021-09-27 20:57:32,20.97,65.36
2021-09-27 20:57:33,21.07,64.38
2021-09-27 20:57:34,20.26,62.38
2021-09-27 20:57:35,20.53,62.92
2021-09-27 20:57:36,20.90,63.61
2021-09-27 20:57:37,20.78,64.02
2021-09-27 20:57:38,20.92,66.58
2021-09-27 20:57:39,21.19,64.60
2021-09-27 20:57:40,20.58,65.88
2021-09-27 20:57:41,20.34,67.97
2021-09-27 20:57:42,19.98,70.73
2021-09-27 20:57:43,19.80,68.45
2021-09-27 20:57:45,20.96,68.62
2021-09-27 20:57:46,20.22,60.95
2021-09-27 20:57:47,21.34,63.86
2021-09-27 20:57:48,21.18,66.74
2021-09-27 20:57:49,21.38,66.73
2021-09-27 20:57:50,20.89,66.42
2021-09-27 20:57:51,20.63,61.71
2021-09-27 20:57:52,20.58,56.28
2021-09-27 20:57:53,20.82,57.97
2021-09-27 20:57:54,20.98,56.28
2021-09-27 20:57:55,21.22,56.53
2021-09-27 20:57:56,21.67,56.67
2021-09-27 20:57:57,21.71,57.33
2021-09-27 20:57:58,22.53,57.65
2021-09-27 20:57:59,22.70,55.98
2021-09-27 20:58:00,21.78,55.39
2021-09-27 20:58:01,22.45,57.93
2021-09-27 20:58:02,22.76,59.98
2021-09-27 20:58:03,22.89,60.42
2021-09-27 20:58:04,23.49,58.60
2021-09-27 20:58:05,23.62,58.80
2021-09-27 20:58:06,23.19,58.91
2021-09-27 20:58:07,23.62,56.70
2021-09-27 20:58:08,23.96,57.88
2021-09-27 20:58:09,24.34,58.08
2021-09-27 20:58:10,24.24,55.47
2021-09-27 20:58:11,24.38,55.52
2021-09-27 20:58:12,23.84,54.46
2021-09-27 20:58:13,23.58,51.20
2021-09-27 20:58:14,23.58,53.15
2021-09-27 20:58:15,24.10,57.98
2021-09-27 20:58:16,23.65,52.16
2021-09-27 20:58:17,24.08,50.60
2021-09-27 20:58:18,23.54,55.51
2021-09-27 20:58:19,23.50,55.45
2021-09-27 20:58:20,23.07,56.86
2021-09-27 20:58:21,23.09,55.70
2021-09-27 20:58:22,23.05,54.85
2021-09-27 20:58:23,23.03,54.71
2021-09-27 20:58:24,23.13,52.51
2021-09-27 20:58:25,23.05,53.28
2021-09-27 20:58:26,22.50,53.96
2021-09-27 20:58:27,24.03,54.11
2021-09-27 20:58:28,23.83,56.53
2021-09-27 20:58:29,23.45,58.32
2021-09-27 20:58:30,23.50,59.72
2021-09-27 20:58:31,23.27,59.15
2021-09-27 20:58:32,23.75,63.58
2021-09-27 20:58:33,24.10,64.05
2021-09-27 20:58:34,23.70,62.70
2021-09-27 20:58:35,23.34,61.82
2021-09-27 20:58:36,23.43,62.61
2021-09-27 20:58:37,22.73,61.94
2021-09-27 20:58:38,22.55,64.85
2021-09-27 20:58:39,22.95,64.64
2021-09-27 20:58:40,23.64,64.49
2021-09-27 20:58:41,23.59,65.09
2021-09-27 20:58:42,23.58,67.15
2021-09-27 20:58:43,23.54,65.63
2021-09-27 20:58:44,23.80,64.91
2021-09-27 20:58:45,23.97,63.27
2021-09-27 20:58:46,23.34,63.13
2021-09-27 20:58:47,23.82,67.25
2021-09-27 20:58:48,22.75,68.77
2021-09-27 20:58:49,22.54,67.28
2021-09-27 20:58:50,21.52,72.60
2021-09-27 20:58:51,20.81,76.35
2021-09-27 20:58:52,20.36,73.15
2021-09-27 20:58:53,21.03,73.16
2021-09-27 20:58:54,21.46,72.47
2021-09-27 20:58:55,21.37,71.31
2021-09-27 20:58:56,21.64,68.96
2021-09-27 20:58:57,21.36,66.43
2021-09-27 20:58:58,22.46,66.25
2021-09-27 20:58:59,22.08,64.31
2021-09-27 20:59:00,22.46,63.40
2021-09-27 20:59:01,22.91,61.10
2021-09-27 20:59:02,23.21,62.79
2021-09-27 20:59:03,23.18,59.58
2021-09-27 20:59:04,22.59,59.09
2021-09-27 20:59:05,21.59,60.04
2021-09-27 20:59:06,21.05,62.09
2021-09-27 20:59:07,21.29,63.08
2021-09-27 20:59:08,21.20,61.86
2021-09-27 20:59:09,21.73,61.47
2021-09-27 20:59:10,20.47,62.87
2021-09-27 20:59:11,20.49,66.33
2021-09-27 20:59:12,20.42,65.77
2021-09-27 20:59:13,20.96,65.76
2021-09-27 20:59:14,21.66,65.04
2021-09-27 20:59:15,22.05,64.66
2021-09-27 20:59:16,22.06,65.42
2021-09-27 20:59:17,22.26,65.92
2021-09-27 20:59:18,22.06,69.87
2021-09-27 20:59:19,22.22,71.81
2021-09-27 20:59:20,22.48,67.08
2021-09-27 20:59:21,22.40,67.25
2021-09-27 20:59:22,22.31,67.39
2021-09-27 20:59:23,21.49,68.49
2021-09-27 20:59:24,21.89,68.98
2021-09-27 20:59:25,22.31,69.44
2021-09-27 20:59:26,22.20,69.75
2021-09-27 20:59:27,22.37,72.01
2021-09-27 20:59:28,21.12,68.89
2021-09-27 20:59:29,21.27,66.76
2021-09-27 20:59:30,21.83,66.40
2021-09-27 20:59:31,21.77,67.42
2021-09-27 20:59:32,22.20,67.22
2021-09-27 20:59:33,22.15,65.36
2021-09-27 20:59:34,22.58,64.25
2021-09-27 20:59:35,22.48,64.73
2021-09-27 20:59:36,22.49,64.03
2021-09-27 20:59:37,22.16,61.26
2021-09-27 20:59:38,22.98,62.97
2021-09-27 20:59:39,22.98,66.76
2021-09-27 20:59:40,23.58,65.85
2021-09-27 20:59:41,23.92,64.24
2021-09-27 20:59:42,23.89,64.03
2021-09-27 20:59:43,23.43,64.63
2021-09-27 20:59:44,23.52,66.81
2021-09-27 20:59:45,23.35,65.91
2021-09-27 20:59:46,23.55,67.84
2021-09-27 20:59:47,23.20,67.53
2021-09-27 20:59:48,24.00,63.15
2021-09-27 20:59:49,23.54,62.90
2021-09-27 20:59:50,24.21,60.31
2021-09-27 20:59:51,23.50,62.46
2021-09-27 20:59:52,23.16,61.69
2021-09-27 20:59:53,23.56,62.89
2021-09-27 20:59:54,23.59,61.49
2021-09-27 20:59:55,24.54,61.34
2021-09-27 20:59:56,24.01,62.03
2021-09-27 20:59:57,23.81,62.73
2021-09-27 20:59:58,23.84,60.60
2021-09-27 20:59:59,23.39,61.49
2021-09-27 21:00:00,23.26,57.82
2021-09-27 21:00:01,22.59,62.23
2021-09-27 21:00:02,22.61,63.29
2021-09-27 21:00:03,22.59,59.76
2021-09-27 21:00:04,23.68,63.78
2021-09-27 21:00:05,23.25,64.00
2021-09-27 21:00:06,22.40,61.46
2021-09-27 21:00:07,22.44,59.90
2021-09-27 21:00:08,22.39,60.56
2021-09-27 21:00:09,22.14,60.41
2021-09-27 21:00:10,22.11,61.67
2021-09-27 21:00:11,21.85,61.89
2021-09-27 21:00:12,22.24,63.34
2021-09-27 21:00:13,22.40,65.09
2021-09-27 21:00:14,22.47,65.14
2021-09-27 21:00:15,23.00,63.09
2021-09-27 21:00:16,23.18,64.18
2021-09-27 21:00:17,23.09,66.62
2021-09-27 21:00:18,22.78,66.71
2021-09-27 21:00:20,23.40,68.93
2021-09-27 21:00:21,23.56,67.52
2021-09-27 21:00:22,22.91,67.66
2021-09-27 21:00:23,23.57,66.36
2021-09-27 21:00:24,23.38,65.87
2021-09-27 21:00:25,22.87,66.96
2021-09-27 21:00:26,22.22,68.23
2021-09-27 21:00:27,21.78,66.36
2021-09-27 21:00:28,22.71,65.74
2021-09-27 21:00:29,22.70,65.38
2021-09-27 21:00:30,21.97,64.02
2021-09-27 21:00:31,22.42,66.12
2021-09-27 21:00:32,21.91,70.26
2021-09-27 21:00:33,21.82,70.47
2021-09-27 21:00:34,22.82,69.77
2021-09-27 21:00:35,22.91,69.44
2021-09-27 21:00:36,23.96,70.39
2021-09-27 21:00:37,24.37,69.64
2021-09-27 21:00:38,24.53,73.26
2021-09-27 21:00:39,24.45,70.77
2021-09-27 21:00:40,23.86,70.07
2021-09-27 21:00:41,23.27,71.34
2021-09-27 21:00:42,23.47,68.13
2021-09-27 21:00:43,24.11,66.82
2021-09-27 21:00:44,23.62,68.70
2021-09-27 21:00:45,23.65,70.44
2021-09-27 21:00:46,23.28,69.98
2021-09-27 21:00:47,23.08,72.15
2021-09-27 21:00:48,23.20,71.78
2021-09-27 21:00:49,23.72,75.69
2021-09-27 21:00:50,22.62,73.00
2021-09-27 21:00:51,23.39,72.36
2021-09-27 21:00:52,23.48,73.17
2021-09-27 21:00:53,23.48,73.08
2021-09-27 21:00:54,21.99,74.66
2021-09-27 21:00:55,22.20,74.08
2021-09-27 21:00:56,21.32,74.70
2021-09-27 21:00:57,21.55,75.30
2021-09-27 21:00:58,21.36,74.15
2021-09-27 21:00:59,21.54,73.85
2021-09-27 21:01:00,22.25,71.88
2021-09-27 21:01:01,21.91,74.07
2021-09-27 21:01:02,22.50,71.75
2021-09-27 21:01:03,22.19,70.70
2021-09-27 21:01:04,22.54,66.83
2021-09-27 21:01:05,22.38,66.45
2021-09-27 21:01:06,22.20,69.25
2021-09-27 21:01:07,21.72,72.13
2021-09-27 21:01:08,22.38,72.29
2021-09-27 21:01:09,22.73,72.73
2021-09-27 21:01:10,22.46,72.60
2021-09-27 21:01:11,22.32,68.79
2021-09-27 21:01:12,23.05,70.00
2021-09-27 21:01:13,22.85,69.87
2021-09-27 21:01:14,22.94,70.40
2021-09-27 21:01:15,22.75,72.52
2021-09-27 21:01:16,23.67,70.00
2021-09-27 21:01:17,24.81,69.50
2021-09-27 21:01:18,24.11,68.48
2021-09-27 21:01:19,23.29,67.46
2021-09-27 21:01:20,23.94,69.69
2021-09-27 21:01:21,24.01,65.74
2021-09-27 21:01:22,23.91,67.32
2021-09-27 21:01:23,23.60,70.34
2021-09-27 21:01:24,22.98,69.97
2021-09-27 21:01:25,22.42,69.47
2021-09-27 21:01:26,22.78,69.60
2021-09-27 21:01:27,23.74,72.52
2021-09-27 21:01:28,23.56,73.89
2021-09-27 21:01:29,23.33,74.29
2021-09-27 21:01:30,23.37,71.21
2021-09-27 21:01:31,22.71,73.17
2021-09-27 21:01:32,22.42,74.51
2021-09-27 21:01:33,22.85,76.78
2021-09-27 21:01:34,22.94,76.28
2021-09-27 21:01:35,23.31,78.55
2021-09-27 21:01:36,23.18,75.04
2021-09-27 21:01:37,22.03,68.82
2021-09-27 21:01:38,22.84,68.27
2021-09-27 21:01:39,22.56,67.20
2021-09-27 21:01:40,22.83,67.36
2021-09-27 21:01:41,23.27,67.94
2021-09-27 21:01:42,23.27,67.21
2021-09-27 21:01:43,23.66,70.16
2021-09-27 21:01:44,24.31,68.71
2021-09-27 21:01:45,24.44,67.07
2021-09-27 21:01:46,24.35,65.84
2021-09-27 21:01:47,23.56,66.50
2021-09-27 21:01:48,23.01,68.39
2021-09-27 21:01:49,22.83,69.01
2021-09-27 21:01:50,22.67,65.02
2021-09-27 21:01:51,22.87,61.21
2021-09-27 21:01:52,21.87,58.44
2021-09-27 21:01:53,21.37,62.66
2021-09-27 21:01:54,21.89,66.35
2021-09-27 21:02:32,21.80,65.89
2021-09-27 21:02:33,21.66,65.06
2021-09-27 21:02:34,21.81,67.03
2021-09-27 21:02:35,21.19,63.29
2021-09-27 21:02:36,20.62,67.61
2021-09-27 21:02:37,21.41,67.62
2021-09-27 21:02:38,21.34,65.83
2021-09-27 21:02:39,21.25,63.39
2021-09-27 21:02:40,22.15,63.54
2021-09-27 21:02:41,22.48,64.18
2021-09-27 21:02:42,22.18,65.38
2021-09-27 21:02:43,23.17,67.76
2021-09-27 21:02:44,22.94,68.70
2021-09-27 21:02:45,23.49,68.94
2021-09-27 21:02:46,23.29,64.65
2021-09-27 21:02:47,23.29,64.33
2021-09-27 21:02:48,23.58,60.55
2021-09-27 21:02:49,23.52,59.43
2021-09-27 21:02:50,22.66,59.65
2021-09-27 21:02:51,22.56,63.36
2021-09-27 21:02:52,22.77,62.87
2021-09-27 21:02:53,23.12,58.73
2021-09-27 21:02:54,23.20,59.70
2021-09-27 21:02:55,23.01,55.43
2021-09-27 21:02:56,22.88,55.25
2021-09-27 21:02:57,21.97,56.87
2021-09-27 21:02:58,21.67,56.22
2021-09-27 21:02:59,21.37,60.00
2021-09-27 21:03:00,20.62,58.95
2021-09-27 21:03:01,20.01,58.24
2021-09-27 21:03:02,20.16,62.22
2021-09-27 21:03:03,20.67,64.04
2021-09-27 21:03:04,20.66,65.18
2021-09-27 21:03:05,20.78,64.02
2021-09-27 21:03:06,20.32,62.08
2021-09-27 21:03:07,21.22,63.81
2021-09-27 21:03:08,20.94,62.51
2021-09-27 21:03:09,20.89,64.80
2021-09-27 21:03:10,20.16,70.87
2021-09-27 21:03:11,20.09,67.87
2021-09-27 21:03:12,20.13,66.92
2021-09-27 21:03:13,20.56,64.95
2021-09-27 21:03:14,20.96,65.06
2021-09-27 21:03:15,20.90,68.63
2021-09-27 21:03:16,20.18,68.94
2021-09-27 21:03:17,19.79,67.48
